,apparent_elevation,azimuth,month,hour,doy
2026-01-01 08:00:00+04:00,10.31400040591465,121.58118418641232,1,8,1
2026-01-01 09:00:00+04:00,21.27501601308986,130.24189790017925,1,9,1
2026-01-01 10:00:00+04:00,30.744263992274544,141.41453762759335,1,10,1
2026-01-01 11:00:00+04:00,37.850916771116694,155.75578702902453,1,11,1
2026-01-01 12:00:00+04:00,41.52859007691434,173.06839190061237,1,12,1
2026-01-01 13:00:00+04:00,40.9935742434884,191.44008099455118,1,13,1
2026-01-01 14:00:00+04:00,36.37236206237598,208.12627626582517,1,14,1
2026-01-01 15:00:00+04:00,28.58611003163753,221.65323017445382,1,15,1
2026-01-01 16:00:00+04:00,18.67719000659231,232.1358423729718,1,16,1
2026-01-01 17:00:00+04:00,7.458283159439425,240.29845866001037,1,17,1
2026-01-02 08:00:00+04:00,10.271034636275322,121.44838892321116,1,8,2
2026-01-02 09:00:00+04:00,21.2511763713723,130.09626729924383,1,9,2
2026-01-02 10:00:00+04:00,30.74650312283073,141.2540360115126,1,10,2
2026-01-02 11:00:00+04:00,37.886747673473096,155.58681866953543,1,11,2
2026-01-02 12:00:00+04:00,41.60214989068249,172.91191930454738,1,12,2
2026-01-02 13:00:00+04:00,41.10010311227915,191.32291574617216,1,13,2
2026-01-02 14:00:00+04:00,36.49971406080952,208.0584976294404,1,14,2
2026-01-02 15:00:00+04:00,28.722687232157885,221.62616073027402,1,15,2
2026-01-02 16:00:00+04:00,18.815768845325824,232.136783353223,1,16,2
2026-01-02 17:00:00+04:00,7.594122037174163,240.31849320661158,1,17,2
2026-01-03 08:00:00+04:00,10.23307694881532,121.30991248376284,1,8,3
2026-01-03 09:00:00+04:00,21.23305086737778,129.94549291852746,1,9,3
2026-01-03 10:00:00+04:00,30.755189992899947,141.08927001974735,1,10,3
2026-01-03 11:00:00+04:00,37.92967028532907,155.41522486603162,1,11,3
2026-01-03 12:00:00+04:00,41.6830771506401,172.75548008698797,1,12,3
2026-01-03 13:00:00+04:00,41.21362460420806,191.20887548027463,1,13,3
2026-01-03 14:00:00+04:00,36.633098955690976,207.99615889453153,1,14,3
2026-01-03 15:00:00+04:00,28.864123977894494,221.60566188701625,1,15,3
2026-01-03 16:00:00+04:00,18.958109101226142,232.14468631625218,1,16,3
2026-01-03 17:00:00+04:00,7.732819118523685,240.34563507006635,1,17,3
2026-01-04 08:00:00+04:00,10.200166081930027,121.16582976712891,1,8,4
2026-01-04 09:00:00+04:00,21.220660876923063,129.78964919420298,1,9,4
2026-01-04 10:00:00+04:00,30.77032721321027,140.92030878018124,1,10,4
2026-01-04 11:00:00+04:00,37.979670052889965,155.24106600500977,1,11,4
2026-01-04 12:00:00+04:00,41.77134270417217,172.5991347209083,1,12,4
2026-01-04 13:00:00+04:00,41.3340933639353,191.09803515017933,1,13,4
2026-01-04 14:00:00+04:00,36.772452219892436,207.93934006302564,1,14,4
2026-01-04 15:00:00+04:00,29.01033990719509,221.5917978753617,1,15,4
2026-01-04 16:00:00+04:00,19.10412195960015,232.1595910002851,1,16,4
2026-01-04 17:00:00+04:00,7.874284837476383,240.3799001646078,1,17,4
2026-01-05 08:00:00+04:00,10.172339475185902,121.01621446633516,1,8,5
2026-01-05 09:00:00+04:00,21.21402646821531,129.62880848302916,1,9,5
2026-01-05 10:00:00+04:00,30.791916396008745,140.74721864465943,1,10,5
2026-01-05 11:00:00+04:00,38.03673195545501,155.0643997660062,1,11,5
2026-01-05 12:00:00+04:00,41.86691738885473,172.44294254933834,1,12,5
2026-01-05 13:00:00+04:00,41.461463988797604,190.9904708534333,1,13,5
2026-01-05 14:00:00+04:00,36.91770892175558,207.88812303774748,1,14,5
2026-01-05 15:00:00+04:00,29.161254139567156,221.58463406563865,1,15,5
2026-01-05 16:00:00+04:00,19.253718339174277,232.1815373104073,1,16,5
2026-01-05 17:00:00+04:00,8.01842964583008,240.42130393009785,1,17,5
2026-01-06 08:00:00+04:00,10.14963339547517,120.86114047675687,1,8,6
2026-01-06 09:00:00+04:00,21.21316631520836,129.46304258970355,1,9,6
2026-01-06 10:00:00+04:00,30.81995778675932,140.57006483132238,1,10,6
2026-01-06 11:00:00+04:00,38.100839783724005,154.88528276589898,1,11,6
2026-01-06 12:00:00+04:00,41.96977093567274,172.2869631795079,1,12,6
2026-01-06 13:00:00+04:00,41.5956896331597,190.88626072751188,1,13,6
2026-01-06 14:00:00+04:00,37.06880217716582,207.8425919140253,1,14,6
2026-01-06 15:00:00+04:00,29.316783709849656,221.58423677302505,1,15,6
2026-01-06 16:00:00+04:00,19.406807380225583,232.21056481739504,1,16,6
2026-01-06 17:00:00+04:00,8.165162599856183,240.46986064296425,1,17,6
2026-01-07 08:00:00+04:00,10.132082849666624,120.70068365473156,1,8,7
2026-01-07 09:00:00+04:00,21.218097368043512,129.29242460107616,1,9,7
2026-01-07 10:00:00+04:00,30.854449626178603,140.38891331884844,1,10,7
2026-01-07 11:00:00+04:00,38.17197513035356,154.70377237202365,1,11,7
2026-01-07 12:00:00+04:00,42.07987058851554,172.1312579464436,1,12,7
2026-01-07 13:00:00+04:00,41.736720356960035,190.7854857848149,1,13,7
2026-01-07 14:00:00+04:00,37.2256613962296,207.80283312703205,1,14,7
2026-01-07 15:00:00+04:00,29.47684185790491,221.59067288282236,1,15,7
2026-01-07 16:00:00+04:00,19.563294839076107,232.24671208431258,1,16,7
2026-01-07 17:00:00+04:00,8.314389893396717,240.52558257517327,1,17,7
2026-01-08 08:00:00+04:00,10.119721530143083,120.53492328730692,1,8,8
2026-01-08 09:00:00+04:00,21.228834616165145,129.1170304047934,1,9,8
2026-01-08 10:00:00+04:00,30.895387677765285,140.20383240783372,1,10,8
2026-01-08 11:00:00+04:00,38.25011663302461,154.5199282070546,1,11,8
2026-01-08 12:00:00+04:00,42.19718005668123,171.97589113771392,1,12,8
2026-01-08 13:00:00+04:00,41.88450186850745,190.6882306541997,1,13,8
2026-01-08 14:00:00+04:00,37.38821095408992,207.76893563586347,1,14,8
2026-01-08 15:00:00+04:00,29.641336739622886,221.60400962626176,1,15,8
2026-01-08 16:00:00+04:00,19.723081895548773,232.29001621483133,1,16,8
2026-01-08 17:00:00+04:00,8.466013780012345,240.5884794349964,1,17,8
2026-01-09 08:00:00+04:00,10.112581862608941,120.3639428489688,1,8,9
2026-01-09 09:00:00+04:00,21.245391052922965,128.93693946769667,1,9,9
2026-01-09 10:00:00+04:00,30.942765086520772,140.01489353216436,1,10,9
2026-01-09 11:00:00+04:00,38.33523969621022,154.33381295156232,1,11,9
2026-01-09 12:00:00+04:00,42.321659092298425,171.82093070459348,1,12,9
2026-01-09 13:00:00+04:00,42.03897498603222,190.59458407846031,1,13,9
2026-01-09 14:00:00+04:00,37.55636960757349,207.7409911298597,1,14,9
2026-01-09 15:00:00+04:00,29.810170874420344,221.6243145492874,1,15,9
2026-01-09 16:00:00+04:00,19.886064656805395,232.34051271374796,1,16,9
2026-01-09 17:00:00+04:00,8.619932140711557,240.65855819837734,1,17,9
2026-01-10 08:00:00+04:00,10.110695031530476,120.1878300215389,1,8,10
2026-01-10 09:00:00+04:00,21.267777715419317,128.75223485027277,1,9,10
2026-01-10 10:00:00+04:00,30.996572432980212,139.82217127621863,1,10,10
2026-01-10 11:00:00+04:00,38.42731655737889,154.1454923736162,1,11,10
2026-01-10 12:00:00+04:00,42.453263563280245,171.66644832328143,1,12,10
2026-01-10 13:00:00+04:00,42.20007570933166,190.50463900080226,1,13,10
2026-01-10 14:00:00+04:00,37.730050575615046,207.71909406642575,1,14,10
2026-01-10 15:00:00+04:00,29.983241256223053,221.65165549957499,1,15,10
2026-01-10 16:00:00+04:00,20.052134304115985,232.39823547698614,1,16,10
2026-01-10 17:00:00+04:00,8.776038665117053,240.73582313724933,1,17,10
2026-01-11 08:00:00+04:00,10.114090827155827,120.00667626249526,1,8,11
2026-01-11 09:00:00+04:00,21.296003604160234,128.56300273971874,1,9,11
2026-01-11 10:00:00+04:00,31.056797745476285,139.6257428720034,1,10,11
2026-01-11 11:00:00+04:00,38.526316408662964,153.9550348089416,1,11,11
2026-01-11 12:00:00+04:00,42.591945691195974,171.51251892544508,1,12,11
2026-01-11 13:00:00+04:00,42.36773555620363,190.41849222388848,1,13,11
2026-01-11 14:00:00+04:00,37.909161951528944,207.70334141213928,1,14,11
2026-01-11 15:00:00+04:00,30.160439829062227,221.68610043020854,1,15,11
2026-01-11 16:00:00+04:00,20.22117761484,232.46321667630673,1,16,11
2026-01-11 17:00:00+04:00,8.934223396008107,240.82027579732494,1,17,11
2026-01-12 08:00:00+04:00,10.122797286108709,119.82057625401785,1,8,12
2026-01-12 09:00:00+04:00,21.33007541017935,128.3693318380257,1,9,12
2026-01-12 10:00:00+04:00,31.12342634255286,139.42568750902706,1,10,12
2026-01-12 11:00:00+04:00,38.63220538574717,153.76251039655813,1,11,12
2026-01-12 12:00:00+04:00,42.7376542136873,171.35921995261492,1,12,12
2026-01-12 13:00:00+04:00,42.54188188459064,190.33624377865138,1,13,12
2026-01-12 14:00:00+04:00,38.0936071535269,207.69383212682862,1,14,12
2026-01-12 15:00:00+04:00,30.341654042666253,221.7277169827328,1,15,12
2026-01-12 16:00:00+04:00,20.39307758400517,232.53548646546028,1,16,12
2026-01-12 17:00:00+04:00,9.094373390557791,240.91191481997103,1,17,12
2026-01-13 08:00:00+04:00,10.136840232165659,119.6296274023278,1,8,13
2026-01-13 09:00:00+04:00,21.369997144732427,128.17131279763748,1,9,13
2026-01-13 10:00:00+04:00,31.196440576656435,139.222085682172,1,10,13
2026-01-13 11:00:00+04:00,38.74494645797297,153.56799033480002,1,11,13
2026-01-13 12:00:00+04:00,42.89033444812083,171.20663058125137,1,12,13
2026-01-13 13:00:00+04:00,42.72243812785212,190.25799623813765,1,13,13
2026-01-13 14:00:00+04:00,38.28328530544816,207.69066656973308,1,14,13
2026-01-13 15:00:00+04:00,30.526767345433463,221.77657200116067,1,15,13
2026-01-13 16:00:00+04:00,20.567713994293918,232.6150726190839,1,16,13
2026-01-13 17:00:00+04:00,9.256373332747122,241.01073570336638,1,17,13
2026-01-14 08:00:00+04:00,10.156242886142564,119.4339294090309,1,8,14
2026-01-14 09:00:00+04:00,21.415769832836688,127.96903774434873,1,9,14
2026-01-14 10:00:00+04:00,31.27581962991691,139.01501864730056,1,10,14
2026-01-14 11:00:00+04:00,38.86449935061652,153.37154626649885,1,11,14
2026-01-14 12:00:00+04:00,43.04992836157206,171.05483110516172,1,12,14
2026-01-14 13:00:00+04:00,42.90932400295618,190.18385418612053,1,13,14
2026-01-14 14:00:00+04:00,38.47809155999923,207.69394604204223,1,14,14
2026-01-14 15:00:00+04:00,30.715659603650618,221.832731150382,1,15,14
2026-01-14 16:00:00+04:00,20.744963894511805,232.70200026276072,1,16,14
2026-01-14 17:00:00+04:00,9.420106038386884,241.1167306468969,1,17,14
2026-01-15 08:00:00+04:00,10.181025656270318,119.23358390194323,1,8,15
2026-01-15 09:00:00+04:00,21.467391377186914,127.76259988860568,1,9,15
2026-01-15 10:00:00+04:00,31.36153946453704,138.8045680101257,1,10,15
2026-01-15 11:00:00+04:00,38.99082058980996,153.17324985015648,1,11,15
2026-01-15 12:00:00+04:00,43.21637471583293,170.9039025554116,1,12,15
2026-01-15 13:00:00+04:00,43.10245573513099,190.1139239419161,1,13,15
2026-01-15 14:00:00+04:00,38.67791738274149,207.703772566936,1,14,15
2026-01-15 15:00:00+04:00,30.908207435763117,221.89625874055162,1,15,15
2026-01-15 16:00:00+04:00,20.92470196057315,232.79629177815377,1,16,15
2026-01-15 17:00:00+04:00,9.585452829587368,241.22988854093984,1,17,15
2026-01-16 08:00:00+04:00,10.211206099903421,119.02869413629003,1,8,16
2026-01-16 09:00:00+04:00,21.52485658939842,127.55209324526078,1,9,16
2026-01-16 10:00:00+04:00,31.45357291364986,138.5908154626951,1,10,16
2026-01-16 11:00:00+04:00,39.12386365266934,152.97317253410142,1,11,16
2026-01-16 12:00:00+04:00,43.38960926287349,170.75392655883718,1,12,16
2026-01-16 13:00:00+04:00,43.30174627201794,190.04831353731552,1,13,16
2026-01-16 14:00:00+04:00,38.882650773639845,207.72024888133814,1,14,16
2026-01-16 15:00:00+04:00,31.104284445619577,221.96721772072274,1,15,16
2026-01-16 16:00:00+04:00,21.10680073408384,232.89796683833686,1,16,16
2026-01-16 17:00:00+04:00,9.752293763066495,241.35019506651918,1,17,16
2026-01-17 08:00:00+04:00,10.246799002648624,118.81936478806477,1,8,17
2026-01-17 09:00:00+04:00,21.588157312882778,127.33761245753789,1,9,17
2026-01-17 10:00:00+04:00,31.55188984394502,138.3738426518018,1,10,17
2026-01-17 11:00:00+04:00,39.263579155683594,152.77138548389985,1,11,17
2026-01-17 12:00:00+04:00,43.569564941689976,170.6049853792465,1,12,17
2026-01-17 13:00:00+04:00,43.507105456864096,189.98713285783097,1,13,17
2026-01-17 14:00:00+04:00,39.09217641422047,207.74347855644186,1,14,17
2026-01-17 15:00:00+04:00,31.30376136665122,222.04566975531145,1,15,17
2026-01-17 16:00:00+04:00,21.291130759958378,233.0070425023152,1,16,17
2026-01-17 17:00:00+04:00,9.92050775917315,241.47763283200874,1,17,17
2026-01-18 08:00:00+04:00,10.287816480458934,118.60570177612004,1,8,18
2026-01-18 09:00:00+04:00,21.657282568520245,127.11925265574934,1,9,18
2026-01-18 10:00:00+04:00,31.656457331478457,138.1537310814894,1,10,18
2026-01-18 11:00:00+04:00,39.40991504877741,152.56795954449615,1,11,18
2026-01-18 12:00:00+04:00,43.75617207173668,170.4571619775936,1,12,18
2026-01-18 13:00:00+04:00,43.718440196052484,189.9304937982506,1,13,18
2026-01-18 14:00:00+04:00,39.30637581185322,207.773566118179,1,14,18
2026-01-18 15:00:00+04:00,31.50650620387377,222.13167530175326,1,15,18
2026-01-18 16:00:00+04:00,21.47756072801397,233.1235333083619,1,16,18
2026-01-18 17:00:00+04:00,10.0899727398866,241.61218150880092,1,17,18
2026-01-19 08:00:00+04:00,10.334268028073442,118.38781200511346,1,8,19
2026-01-19 09:00:00+04:00,21.7322186541288,126.89710921977627,1,9,19
2026-01-19 10:00:00+04:00,31.767239804272656,137.93056189381366,1,10,19
2026-01-19 11:00:00+04:00,39.56281680148542,152.36296505647715,1,11,19
2026-01-19 12:00:00+04:00,43.9493585733974,170.3105399211056,1,12,19
2026-01-19 13:00:00+04:00,43.93565468907297,189.87851028543776,1,13,19
2026-01-19 14:00:00+04:00,39.52512753747812,207.81061706160452,1,14,19
2026-01-19 15:00:00+04:00,31.712384495481704,222.2252936093052,1,15,19
2026-01-19 16:00:00+04:00,21.665957750191232,233.2474513165693,1,16,19
2026-01-19 17:00:00+04:00,10.2605659033343,241.7538179412484,1,17,19
2026-01-20 08:00:00+04:00,10.386160425048445,118.16580295445817,1,8,20
2026-01-20 09:00:00+04:00,21.81294911265248,126.67127735330371,1,9,20
2026-01-20 10:00:00+04:00,31.884199084813186,137.70441541977254,1,10,20
2026-01-20 11:00:00+04:00,39.722227532278794,152.15647138466466,1,11,20
2026-01-20 12:00:00+04:00,44.14905019745969,170.16520297463262,1,12,20
2026-01-20 13:00:00+04:00,44.158650740037935,189.83129799591725,1,13,20
2026-01-20 14:00:00+04:00,39.7483076048646,207.8547376216607,1,14,20
2026-01-20 15:00:00+04:00,31.92125975651373,222.32658253910355,1,15,20
2026-01-20 16:00:00+04:00,21.856187840929092,233.37880602588857,1,16,20
2026-01-20 17:00:00+04:00,10.432164225496726,241.90251615616285,1,17,20
2026-01-21 08:00:00+04:00,10.443497397619593,117.93978213091822,1,8,21
2026-01-21 09:00:00+04:00,21.8994544774562,126.441851489839,1,9,21
2026-01-21 10:00:00+04:00,32.0072942315824,137.47537049861876,1,10,21
2026-01-21 11:00:00+04:00,39.88808798511045,151.9485461388062,1,11,21
2026-01-21 12:00:00+04:00,44.35517067265332,170.02123430308313,1,12,21
2026-01-21 13:00:00+04:00,44.387328076838294,189.78897367493676,1,13,21
2026-01-21 14:00:00+04:00,39.97578994103383,207.9060341833136,1,14,21
2026-01-21 15:00:00+04:00,32.132994072819784,222.43559809196367,1,15,21
2026-01-21 16:00:00+04:00,22.048116589604867,233.51760405265884,1,16,21
2026-01-21 17:00:00+04:00,10.604645167816468,242.05824717741743,1,17,21
2026-01-22 08:00:00+04:00,10.506278984324041,117.70985647305912,1,8,22
2026-01-22 09:00:00+04:00,21.991711716750714,126.208924603063,1,9,22
2026-01-22 10:00:00+04:00,32.136481096675624,137.24350363424895,1,10,22
2026-01-22 11:00:00+04:00,40.06033625738632,151.73925412607628,1,11,22
2026-01-22 12:00:00+04:00,44.567641674932794,169.8787153049559,1,12,22
2026-01-22 13:00:00+04:00,44.62158458471289,189.7516540261024,1,13,22
2026-01-22 14:00:00+04:00,40.20744686407809,207.96461227780398,1,14,22
2026-01-22 15:00:00+04:00,32.3474487746623,222.5523935782542,1,15,22
2026-01-22 16:00:00+04:00,22.24160995900443,233.66384850787324,1,16,22
2026-01-22 17:00:00+04:00,10.77788754433133,242.2209785741196,1,17,22
2026-01-23 08:00:00+04:00,10.574500628247185,117.47613176286762,1,8,23
2026-01-23 09:00:00+04:00,22.08969341080228,125.97258749422434,1,9,23
2026-01-23 10:00:00+04:00,32.27171162310165,137.00888807013558,1,10,23
2026-01-23 11:00:00+04:00,40.238907291878384,151.52865613104575,1,11,23
2026-01-23 12:00:00+04:00,44.786382611114654,169.73772415490373,1,12,23
2026-01-23 13:00:00+04:00,44.8613164336943,189.71945424237163,1,13,23
2026-01-23 14:00:00+04:00,40.443149532396546,208.03057523767725,1,14,23
2026-01-23 15:00:00+04:00,32.5644851431553,222.67701849208828,1,15,23
2026-01-23 16:00:00+04:00,22.43653515412515,233.81753812793005,1,16,23
2026-01-23 17:00:00+04:00,10.951772485874107,242.3906737922019,1,17,23
2026-01-24 08:00:00+04:00,10.648152126475274,117.2387120437084,1,8,24
2026-01-24 09:00:00+04:00,22.19336678679046,125.73292806570043,1,9,24
2026-01-24 10:00:00+04:00,32.41293300862646,136.77159282013554,1,10,24
2026-01-24 11:00:00+04:00,40.42373225041936,151.31680759607042,1,11,24
2026-01-24 12:00:00+04:00,45.01131031783455,169.59833418870107,1,12,24
2026-01-24 13:00:00+04:00,45.106418166487714,189.69248635897318,1,13,24
2026-01-24 14:00:00+04:00,40.68276840149599,208.10402267744988,1,14,24
2026-01-24 15:00:00+04:00,32.783965149883336,222.80951725898055,1,15,24
2026-01-24 16:00:00+04:00,22.632761540328065,233.9786663116738,1,16,24
2026-01-24 17:00:00+04:00,11.126184448644333,242.5672914208102,1,17,24
2026-01-25 08:00:00+04:00,10.727216615891379,116.99769902291746,1,8,25
2026-01-25 09:00:00+04:00,22.30269279850941,125.49003058890582,1,9,25
2026-01-25 10:00:00+04:00,32.56008691546018,136.53168169804985,1,10,25
2026-01-25 11:00:00+04:00,40.61473793817511,151.10375731109423,1,11,25
2026-01-25 12:00:00+04:00,45.24233881197636,169.46061231128738,1,12,25
2026-01-25 13:00:00+04:00,45.35678283390047,189.67085765088223,1,13,25
2026-01-25 14:00:00+04:00,40.92617371120312,208.18504906338183,1,14,25
2026-01-25 15:00:00+04:00,33.005752207476775,222.94992808897996,1,15,25
2026-01-25 16:00:00+04:00,22.8301615451101,234.1472202742716,1,16,25
2026-01-25 17:00:00+04:00,11.301012194928255,242.75078456774003,1,17,25
2026-01-26 08:00:00+04:00,10.811669781973684,116.75319148421477,1,8,26
2026-01-26 09:00:00+04:00,22.417625432489896,125.2439750202526,1,9,26
2026-01-26 10:00:00+04:00,32.71310890029566,136.28921245026913,1,10,26
2026-01-26 11:00:00+04:00,40.81184642167544,150.88954626984776,1,11,26
2026-01-26 12:00:00+04:00,45.47937919030551,169.32461764235927,1,12,26
2026-01-26 13:00:00+04:00,45.6123022167004,189.65466933432728,1,13,26
2026-01-26 14:00:00+04:00,41.173235989700885,208.27374260105663,1,14,26
2026-01-26 15:00:00+04:00,33.22971187035982,223.0982821364525,1,15,26
2026-01-26 16:00:00+04:00,23.028611457521777,234.32318047963764,1,16,26
2026-01-26 17:00:00+04:00,11.476149622907458,242.94110049215442,1,17,26
2026-01-27 08:00:00+04:00,10.901479448544643,116.50528476396477,1,8,27
2026-01-27 09:00:00+04:00,22.538111382829182,124.99483643580697,1,9,27
2026-01-27 10:00:00+04:00,32.871928188832314,136.04423609008302,1,10,27
2026-01-27 11:00:00+04:00,41.014974943948424,150.67420684360803,1,11,27
2026-01-27 12:00:00+04:00,45.722339744123985,169.19040061689543,1,12,27
2026-01-27 13:00:00+04:00,45.872867145453654,189.64401580707516,1,13,27
2026-01-27 14:00:00+04:00,41.42382653444254,208.37018465613448,1,14,27
2026-01-27 15:00:00+04:00,33.45571241161001,223.2546031374381,1,15,27
2026-01-27 16:00:00+04:00,23.227992027495176,234.5065204888209,1,16,27
2026-01-27 17:00:00+04:00,11.651496345129086,243.13818060112052,1,17,27
2026-01-28 08:00:00+04:00,10.996605659641784,116.25407029889755,1,8,28
2026-01-28 09:00:00+04:00,22.66409021494717,124.7426846124518,1,9,28
2026-01-28 10:00:00+04:00,33.03646790819544,135.79679648305728,1,10,28
2026-01-28 11:00:00+04:00,41.22403623767723,150.4577623592491,1,11,28
2026-01-28 12:00:00+04:00,45.97112636289182,169.0580026497439,1,12,28
2026-01-28 13:00:00+04:00,46.13836796319853,189.6389845724798,1,13,28
2026-01-28 14:00:00+04:00,41.67781788235921,208.47444985729078,1,14,28
2026-01-28 15:00:00+04:00,33.683625263813624,223.41890765468844,1,15,28
2026-01-28 16:00:00+04:00,23.42818884172455,234.69720733131692,1,16,28
2026-01-28 17:00:00+04:00,11.826957983486366,243.34196090494692,1,17,28
2026-01-29 08:00:00+04:00,11.097001295005944,115.99963518658069,1,8,29
2026-01-29 09:00:00+04:00,22.79549505130566,124.48758368378628,1,9,29
2026-01-29 10:00:00+04:00,33.20664582268316,135.54693011440145,1,10,29
2026-01-29 11:00:00+04:00,41.4389392889039,150.24022701329477,1,11,29
2026-01-29 12:00:00+04:00,46.22564329376445,168.92745635266328,1,12,29
2026-01-29 13:00:00+04:00,46.408695195652946,189.6396568621576,1,13,29
2026-01-29 14:00:00+04:00,41.935084331993906,208.58660690387572,1,14,29
2026-01-29 15:00:00+04:00,33.91332538809915,223.59120595108598,1,15,29
2026-01-29 16:00:00+04:00,23.62909253547495,234.89520242523955,1,16,29
2026-01-29 17:00:00+04:00,12.002446238739255,243.55237295759215,1,17,29
2026-01-29 18:00:00+04:00,0.0029685018371170546,250.50516872364665,1,18,29
2026-01-30 08:00:00+04:00,11.202613133107425,115.74206172052851,1,8,30
2026-01-30 09:00:00+04:00,22.932253697978545,124.22959182504638,1,9,30
2026-01-30 10:00:00+04:00,33.38237548744012,135.29466596530688,1,10,30
2026-01-30 11:00:00+04:00,41.65959047955701,150.02160603152515,1,11,30
2026-01-30 12:00:00+04:00,46.485794197796636,168.79878616481733,1,12,30
2026-01-30 13:00:00+04:00,46.68374039557819,189.6461088158765,1,13,30
2026-01-30 14:00:00+04:00,42.195502507810865,208.70671993889368,1,14,30
2026-01-30 15:00:00+04:00,34.14469157914583,223.77150336096037,1,15,30
2026-01-30 16:00:00+04:00,23.830598873679122,235.100462912132,1,16,30
2026-01-30 17:00:00+04:00,12.177878789584296,243.76934514709637,1,17,30
2026-01-30 18:00:00+04:00,0.1332724538786716,250.7330082120192,1,18,30
2026-01-31 08:00:00+04:00,11.313383118846177,115.48142700865367,1,8,31
2026-01-31 09:00:00+04:00,23.07428995170103,123.96876105530572,1,9,31
2026-01-31 10:00:00+04:00,33.56356754685599,135.04002555309557,1,10,31
2026-01-31 11:00:00+04:00,41.88589482130582,149.80189604990318,1,11,31
2026-01-31 12:00:00+04:00,46.75148322572331,168.67200926761393,1,12,31
2026-01-31 13:00:00+04:00,46.96339692133395,189.65841295862117,1,13,31
2026-01-31 14:00:00+04:00,42.45895178664194,208.83485014959768,1,14,31
2026-01-31 15:00:00+04:00,34.37760659125219,223.9598017953818,1,15,31
2026-01-31 16:00:00+04:00,24.03260863285402,235.31294305359776,1,16,31
2026-01-31 17:00:00+04:00,12.353178983922405,243.99280399550116,1,17,31
2026-01-31 18:00:00+04:00,0.2640167361694018,250.96686876031697,1,18,31
2026-02-01 08:00:00+04:00,11.429249527643595,115.21780295984672,2,8,32
2026-02-01 09:00:00+04:00,23.221524736097034,123.70513741303108,2,9,32
2026-02-01 10:00:00+04:00,33.75013078898906,134.78302334543628,2,10,32
2026-02-01 11:00:00+04:00,42.11775686208321,149.5810858348812,2,11,32
2026-02-01 12:00:00+04:00,47.02261568655182,168.54713673800802,2,12,32
2026-02-01 13:00:00+04:00,47.24756025567788,189.6766397273599,2,13,32
2026-02-01 14:00:00+04:00,42.72531426423097,208.9710572045435,2,14,32
2026-02-01 15:00:00+04:00,34.61195683979827,224.1561009473431,2,15,32
2026-02-01 16:00:00+04:00,24.235027105486402,235.53259525427012,2,16,32
2026-02-01 17:00:00+04:00,12.528275199360904,244.22267503991048,2,17,32
2026-02-01 18:00:00+04:00,0.3953321418411442,251.20665992721095,2,18,32
2026-02-02 08:00:00+04:00,11.550147779203908,114.95125691787172,2,8,33
2026-02-02 09:00:00+04:00,23.37387680689291,123.43876177407702,2,9,33
2026-02-02 10:00:00+04:00,33.94197266974225,134.52366779172007,2,10,33
2026-02-02 11:00:00+04:00,42.35508094842911,149.35915751525147,2,11,33
2026-02-02 12:00:00+04:00,47.299097976417954,168.42417495675772,2,12,33
2026-02-02 13:00:00+04:00,47.53612755997387,189.70085888228306,2,13,33
2026-02-02 14:00:00+04:00,42.99447401156877,209.11540026291934,2,14,33
2026-02-02 15:00:00+04:00,34.847631490728574,224.36039889895343,2,15,33
2026-02-02 16:00:00+04:00,24.437763087484015,235.75937042560463,2,16,33
2026-02-02 17:00:00+04:00,12.703099771794221,244.45888302585638,2,17,33
2026-02-02 18:00:00+04:00,0.527271027695241,251.45229123164853,2,18,33
2026-02-03 08:00:00+04:00,11.676010850053208,114.68185298191588,2,8,34
2026-02-03 09:00:00+04:00,23.531262984291086,123.16967133863102,2,9,34
2026-02-03 10:00:00+04:00,34.138999273005,134.26196298079856,2,10,34
2026-02-03 11:00:00+04:00,42.59777082935923,149.13608832788026,2,11,34
2026-02-03 12:00:00+04:00,47.58083677341615,168.30312726576926,2,12,34
2026-02-03 13:00:00+04:00,47.828996488967256,189.73114078738877,2,13,34
2026-02-03 14:00:00+04:00,43.26631567582001,209.26793851755713,2,14,34
2026-02-03 15:00:00+04:00,35.084521005934526,224.5726921301692,2,15,34
2026-02-03 16:00:00+04:00,24.640727427588995,235.9932177181723,2,16,34
2026-02-03 17:00:00+04:00,12.877587558852293,244.7013514777679,2,17,34
2026-02-03 18:00:00+04:00,0.6598291445912429,251.7036715855304,2,18,34
2026-02-04 08:00:00+04:00,11.806769440387356,114.4096537207181,2,8,35
2026-02-04 09:00:00+04:00,23.693598106199552,122.89790148431882,2,9,35
2026-02-04 10:00:00+04:00,34.341114962751206,133.99791063784636,2,10,35
2026-02-04 11:00:00+04:00,42.84572891483759,148.9118526277192,2,11,35
2026-02-04 12:00:00+04:00,47.86773786647047,168.1839957396146,2,12,35
2026-02-04 13:00:00+04:00,48.126063660104435,189.767557580362,2,13,35
2026-02-04 14:00:00+04:00,43.540722798019544,209.42873147437655,2,14,35
2026-02-04 15:00:00+04:00,35.32251548363068,224.79297521271465,2,15,35
2026-02-04 16:00:00+04:00,24.843831430985617,236.23408395771125,2,16,35
2026-02-04 17:00:00+04:00,13.051674413400619,244.95000199431792,2,17,35
2026-02-04 18:00:00+04:00,0.7929622559380557,251.96070848037596,2,18,35
2026-02-05 08:00:00+04:00,11.942352085436202,114.13472177429804,2,8,36
2026-02-05 09:00:00+04:00,23.86079496455639,122.62348748549744,2,9,36
2026-02-05 10:00:00+04:00,34.54822205812764,133.73151196176468,2,10,36
2026-02-05 11:00:00+04:00,43.09885560891387,148.68642372585703,2,11,36
2026-02-05 12:00:00+04:00,48.15970511587137,168.0667827947201,2,12,36
2026-02-05 13:00:00+04:00,48.427223308559874,189.81018421947869,2,13,36
2026-02-05 14:00:00+04:00,43.817576362041564,209.59783915652886,2,14,36
2026-02-05 15:00:00+04:00,35.56150325467235,225.0212405071288,2,15,36
2026-02-05 16:00:00+04:00,25.046985528416297,236.48191314978592,2,16,36
2026-02-05 17:00:00+04:00,13.225295912945525,245.2047536683425,2,17,36
2026-02-05 18:00:00+04:00,0.9265985497757252,252.22330734083306,2,18,36
2026-02-06 08:00:00+04:00,12.082685322972697,113.8571209340289,2,8,37
2026-02-06 09:00:00+04:00,24.03276435984667,122.34646567410016,2,9,37
2026-02-06 10:00:00+04:00,34.76022072210353,133.46276887644336,2,10,37
2026-02-06 11:00:00+04:00,43.357048977105684,148.45977516142597,2,11,37
2026-02-06 12:00:00+04:00,48.456639869875204,167.95149235255587,2,12,37
2026-02-06 13:00:00+04:00,48.73236648624627,189.85909930541172,2,13,37
2026-02-06 14:00:00+04:00,44.096753923380426,209.77532230106283,2,14,37
2026-02-06 15:00:00+04:00,35.801370052563406,225.25747801601332,2,15,37
2026-02-06 16:00:00+04:00,25.250098491901888,236.736646240636,2,16,37
2026-02-06 17:00:00+04:00,13.39838660606287,245.4655228209716,2,17,37
2026-02-06 18:00:00+04:00,1.0606479029951976,252.49137123930655,2,18,37
2026-02-07 08:00:00+04:00,12.227693863527305,113.57691656795322,2,8,38
2026-02-07 09:00:00+04:00,24.20941524070912,122.06687391659312,2,9,38
2026-02-07 10:00:00+04:00,34.97700903645152,133.19168455697093,2,10,38
2026-02-07 11:00:00+04:00,43.6202047296129,148.23188123798258,2,11,38
2026-02-07 12:00:00+04:00,48.75844084378821,167.8381303783981,2,12,38
2026-02-07 13:00:00+04:00,49.041380836718496,189.91438553490332,2,13,38
2026-02-07 14:00:00+04:00,44.37812936083947,209.9612424546855,2,14,38
2026-02-07 15:00:00+04:00,36.04199880148688,225.50167532676653,2,15,38
2026-02-07 16:00:00+04:00,25.453077242881704,236.99822107199765,2,16,38
2026-02-07 17:00:00+04:00,13.570879818581576,245.73222298727563,2,17,38
2026-02-07 18:00:00+04:00,1.1950088451001006,252.76480089956397,2,18,38
2026-02-08 07:00:00+04:00,0.0836139990283915,106.41186267168888,2,7,39
2026-02-08 08:00:00+04:00,12.377300655280768,113.29417553888482,2,8,39
2026-02-08 09:00:00+04:00,24.390654787056274,121.78475154487433,2,9,39
2026-02-08 10:00:00+04:00,35.198483101766946,132.9182633623396,2,10,39
2026-02-08 11:00:00+04:00,43.88821633705938,148.00271692996574,2,11,39
2026-02-08 12:00:00+04:00,49.06500425888239,167.72670483960064,2,12,39
2026-02-08 13:00:00+04:00,49.35415073926723,189.97612973246447,2,13,39
2026-02-08 14:00:00+04:00,44.66157306202334,210.15566183855825,2,14,39
2026-02-08 15:00:00+04:00,36.28326985877474,225.75381747639995,2,15,39
2026-02-08 16:00:00+04:00,25.65582710465518,237.26657235403655,2,16,39
2026-02-08 17:00:00+04:00,13.74270788594941,246.00476496964254,2,17,39
2026-02-08 18:00:00+04:00,1.329573796680009,253.04349479751676,2,18,39
2026-02-09 07:00:00+04:00,0.19416399752428976,106.12187285937478,2,7,40
2026-02-09 08:00:00+04:00,12.531426798884914,113.00896586868544,2,8,40
2026-02-09 09:00:00+04:00,24.576388371861867,121.50013900948773,2,9,40
2026-02-09 10:00:00+04:00,35.424537053829454,132.64251044552816,2,10,40
2026-02-09 11:00:00+04:00,44.160975123537725,147.77225741882927,2,11,40
2026-02-09 12:00:00+04:00,49.376224036174605,167.61722527035636,2,12,40
2026-02-09 13:00:00+04:00,49.67055758688081,190.04442255568813,2,13,40
2026-02-09 14:00:00+04:00,44.94695229623534,210.35864298709964,2,14,40
2026-02-09 15:00:00+04:00,36.52506146530998,226.01388668867136,2,15,40
2026-02-09 16:00:00+04:00,25.85825226941922,237.54163156522966,2,16,40
2026-02-09 17:00:00+04:00,13.913802600084292,246.2830568458333,2,17,40
2026-02-09 18:00:00+04:00,1.4642329572929111,253.3273492300371,2,18,40
2026-02-10 07:00:00+04:00,0.30929882085042193,105.82951209349869,2,7,41
2026-02-10 08:00:00+04:00,12.689991372099396,112.721356342869,2,8,41
2026-02-10 09:00:00+04:00,24.766519444708077,121.21307746689098,2,9,41
2026-02-10 10:00:00+04:00,35.65506301519945,132.36443128270457,2,10,41
2026-02-10 11:00:00+04:00,44.43837031006255,147.54047751637177,2,11,41
2026-02-10 12:00:00+04:00,49.6919919680316,167.5097022058019,2,12,41
2026-02-10 13:00:00+04:00,49.99048007075451,190.1193580754384,2,13,41
2026-02-10 14:00:00+04:00,45.23413161631476,210.5702482860944,2,14,41
2026-02-10 15:00:00+04:00,36.76725023505617,226.28186204560737,2,15,41
2026-02-10 16:00:00+04:00,26.060256302502548,237.82332681143504,2,16,41
2026-02-10 17:00:00+04:00,14.084095685802541,246.56700394824895,2,17,41
2026-02-10 18:00:00+04:00,1.5988770899926794,253.6162583586656,2,18,41
2026-02-11 07:00:00+04:00,0.4291381336462558,105.53487386712794,2,7,42
2026-02-11 08:00:00+04:00,12.852911292786768,112.4314161621117,2,8,42
2026-02-11 09:00:00+04:00,24.960949443328552,120.9236084183799,2,9,42
2026-02-11 10:00:00+04:00,35.88995106798372,132.0840312657332,2,10,42
2026-02-11 11:00:00+04:00,44.72028907177544,147.3073511726774,2,11,42
2026-02-11 12:00:00+04:00,50.01219788455976,167.40414671283963,2,12,42
2026-02-11 13:00:00+04:00,50.31379443608136,190.20103345684007,2,13,42
2026-02-11 14:00:00+04:00,45.52297321260211,210.79053958606116,2,14,42
2026-02-11 15:00:00+04:00,37.00971157919948,226.55771922405233,2,15,42
2026-02-11 16:00:00+04:00,26.26174256722048,238.11158273735913,2,16,42
2026-02-11 17:00:00+04:00,14.25351918917214,246.85650888263282,2,17,42
2026-02-11 18:00:00+04:00,1.7333994072241161,253.91011428304688,2,18,42
2026-02-12 07:00:00+04:00,0.5537720480811771,105.23805177053555,2,7,43
2026-02-12 08:00:00+04:00,13.0201012999215,112.1392146899006,2,8,43
2026-02-12 09:00:00+04:00,25.159577817310687,120.63177347201622,2,9,43
2026-02-12 10:00:00+04:00,36.12908932034065,131.8013154547108,2,10,43
2026-02-12 11:00:00+04:00,45.00661664975085,147.0728511746679,2,11,43
2026-02-12 12:00:00+04:00,50.336729828844526,167.30057015137788,2,12,43
2026-02-12 13:00:00+04:00,50.64037469110974,190.28954886502942,2,13,43
2026-02-12 14:00:00+04:00,45.81333717149327,211.0195779981597,2,14,43
2026-02-12 15:00:00+04:00,37.25232000360555,226.84143036697097,2,15,43
2026-02-12 16:00:00+04:00,26.462614500527106,238.40632053842936,2,16,43
2026-02-12 17:00:00+04:00,14.42200570862138,247.15147161759603,2,17,43
2026-02-12 18:00:00+04:00,1.8676967210404727,254.20880716830067,2,18,43
2026-02-13 07:00:00+04:00,0.6832605135058893,104.93913932721864,2,7,44
2026-02-13 08:00:00+04:00,13.191474070454131,111.84482133413712,2,8,44
2026-02-13 09:00:00+04:00,25.3623021664254,120.33761426102393,2,9,44
2026-02-13 10:00:00+04:00,36.37236405819598,131.5162885209507,2,10,44
2026-02-13 11:00:00+04:00,45.297236513547574,146.83694909341273,2,11,44
2026-02-13 12:00:00+04:00,50.6654742221068,167.19898421472453,2,12,44
2026-02-13 13:00:00+04:00,50.970092739601114,190.3850076363529,2,13,44
2026-02-13 14:00:00+04:00,46.10508161433981,211.2574238581585,2,14,44
2026-02-13 15:00:00+04:00,37.494949257170454,227.13296407084167,2,15,44
2026-02-13 16:00:00+04:00,26.662775727840625,238.7074580454553,2,16,44
2026-02-13 17:00:00+04:00,14.589488449408734,247.45178962568235,2,17,44
2026-02-13 18:00:00+04:00,2.0016700163234464,254.51222540317337,2,18,44
2026-02-14 07:00:00+04:00,0.8176342547067957,104.63822994524241,2,7,45
2026-02-14 08:00:00+04:00,13.366940437074607,111.54830554889236,2,8,45
2026-02-14 09:00:00+04:00,25.56901846836051,120.0411725025545,2,9,45
2026-02-14 10:00:00+04:00,36.61965996705795,131.22895486357965,2,10,45
2026-02-14 11:00:00+04:00,45.592030555667606,146.59961543460452,2,11,45
2026-02-14 12:00:00+04:00,50.99831601495485,167.09940120575106,2,12,45
2026-02-14 13:00:00+04:00,51.302818447604515,190.48751665369727,2,13,45
2026-02-14 14:00:00+04:00,46.398062732403496,211.5041368350521,2,14,45
2026-02-14 15:00:00+04:00,37.73747235979132,227.4322854642053,2,15,45
2026-02-14 16:00:00+04:00,26.86213004540146,239.0149098722305,2,16,45
2026-02-14 17:00:00+04:00,14.75590115525064,247.7573580589471,2,17,45
2026-02-14 18:00:00+04:00,2.135224615798943,254.82025578343928,2,18,45
2026-02-15 07:00:00+04:00,0.9568968253459262,104.33541689961527,2,7,46
2026-02-15 08:00:00+04:00,13.546409683428228,111.24973687212298,2,8,46
2026-02-15 09:00:00+04:00,25.779621375291782,119.74249009471515,2,9,46
2026-02-15 10:00:00+04:00,36.87086041520629,130.9393187736876,2,10,46
2026-02-15 11:00:00+04:00,45.89087933839937,146.36081985566136,2,11,46
2026-02-15 12:00:00+04:00,51.33513887555456,167.00183440612523,2,12,46
2026-02-15 13:00:00+04:00,51.63841972645021,190.59718682974858,2,13,46
2026-02-15 14:00:00+04:00,46.69213482629161,211.75977611639706,2,14,46
2026-02-15 15:00:00+04:00,37.979761625687445,227.7393563580542,2,15,46
2026-02-15 16:00:00+04:00,27.06058139508455,239.32858762675477,2,16,46
2026-02-15 17:00:00+04:00,14.921178024159245,248.068069987708,2,17,46
2026-02-15 18:00:00+04:00,2.2682701321814367,255.13278375523018,2,18,46
2026-02-16 07:00:00+04:00,1.1010273683813483,104.03079321985149,2,7,47
2026-02-16 08:00:00+04:00,13.72978985930677,110.94918485444634,2,8,47
2026-02-16 09:00:00+04:00,25.994004541096338,119.44160909275172,2,9,47
2026-02-16 10:00:00+04:00,37.1258477840644,130.64738446397058,2,10,47
2026-02-16 11:00:00+04:00,46.19366241538104,146.12053125010777,2,11,47
2026-02-16 12:00:00+04:00,51.67582547974031,166.90629834543643,2,12,47
2026-02-16 13:00:00+04:00,51.9767627364312,190.71413355205937,2,13,47
2026-02-16 14:00:00+04:00,46.987150476736666,212.0244005967161,2,14,47
2026-02-16 15:00:00+04:00,38.22168881895796,228.054135440273,2,15,47
2026-02-16 16:00:00+04:00,27.258033967910382,239.64840018663122,2,16,47
2026-02-16 17:00:00+04:00,15.085253754259389,248.3838167095396,2,17,47
2026-02-16 18:00:00+04:00,2.4007204093274996,255.44969373463647,2,18,47
2026-02-17 07:00:00+04:00,1.2499836753974072,103.72445139455533,2,7,48
2026-02-17 08:00:00+04:00,13.916988031541205,110.6467187934013,2,8,48
2026-02-17 09:00:00+04:00,26.212060897801223,119.13857146336807,2,9,48
2026-02-17 10:00:00+04:00,37.38450377522315,130.3531558371801,2,10,48
2026-02-17 11:00:00+04:00,46.500258669949694,145.87871751532464,2,11,48
2026-02-17 12:00:00+04:00,52.02025788432587,166.81280874991012,2,12,48
2026-02-17 13:00:00+04:00,52.31771223919033,190.83847687886612,2,13,48
2026-02-17 14:00:00+04:00,47.28296090740026,212.2980689158652,2,14,48
2026-02-17 15:00:00+04:00,38.463125521738505,228.37657840148668,2,15,48
2026-02-17 16:00:00+04:00,27.454392529737213,239.97425394791094,2,16,48
2026-02-17 17:00:00+04:00,15.248063816359878,248.70448805202594,2,17,48
2026-02-17 18:00:00+04:00,2.5324935978076413,255.77086943106693,2,18,48
2026-02-18 07:00:00+04:00,1.4037051658998378,103.41648292452373,2,7,49
2026-02-18 08:00:00+04:00,14.107910320700176,110.34240729551823,2,8,49
2026-02-18 09:00:00+04:00,26.433682728954008,118.83341862974117,2,9,49
2026-02-18 10:00:00+04:00,37.646709536238184,130.05663597772855,2,10,49
2026-02-18 11:00:00+04:00,46.810546524985526,145.63534495535976,2,11,49
2026-02-18 12:00:00+04:00,52.36831785228571,166.7213820398398,2,12,49
2026-02-18 13:00:00+04:00,52.66113200187686,190.97034129602798,2,13,49
2026-02-18 14:00:00+04:00,47.579416490352905,212.58083912353868,2,14,49
2026-02-18 15:00:00+04:00,38.70394369700894,228.70663779364872,2,15,49
2026-02-18 16:00:00+04:00,27.649562967370553,240.3060528733196,2,16,49
2026-02-18 17:00:00+04:00,15.409544962690733,249.029972507453,2,17,49
2026-02-18 18:00:00+04:00,2.6635124214280035,256.0961940139374,2,18,49
2026-02-19 07:00:00+04:00,1.5621154866662783,103.10697784678439,2,7,50
2026-02-19 08:00:00+04:00,14.302461597577732,110.03631778535521,2,8,50
2026-02-19 09:00:00+04:00,26.65876139778674,118.52619091856656,2,9,50
2026-02-19 10:00:00+04:00,37.91234545467265,129.75782646912842,2,10,50
2026-02-19 11:00:00+04:00,47.124403851645596,145.39037736024835,2,11,50
2026-02-19 12:00:00+04:00,52.71988696050863,166.63203433185777,2,12,50
2026-02-19 13:00:00+04:00,53.00688510843308,191.10985488279832,2,13,50
2026-02-19 14:00:00+04:00,47.87636727572774,212.8727678118411,2,14,50
2026-02-19 15:00:00+04:00,38.94401635793013,229.04426245611583,2,15,50
2026-02-19 16:00:00+04:00,27.843452992763766,240.64369817872677,2,16,50
2026-02-19 17:00:00+04:00,15.569635928049156,249.36015704429423,2,17,50
2026-02-19 18:00:00+04:00,2.7937046212400722,256.42554997517317,2,18,50
2026-02-20 07:00:00+04:00,1.7251245633789603,102.79602432769246,2,7,51
2026-02-20 08:00:00+04:00,14.500544817108594,109.72851606803886,2,8,51
2026-02-20 09:00:00+04:00,26.887186710163064,118.21692702696043,2,9,51
2026-02-20 10:00:00+04:00,38.18129058324516,129.45672665472267,2,10,51
2026-02-20 11:00:00+04:00,47.44170752958625,145.14377488321236,2,11,51
2026-02-20 12:00:00+04:00,53.07484642366339,166.5447800194804,2,12,51
2026-02-20 13:00:00+04:00,53.35483410458008,191.2571479248513,2,13,51
2026-02-20 14:00:00+04:00,48.17366347899436,213.1739087043553,2,14,51
2026-02-20 15:00:00+04:00,39.18321827305867,229.38939650323275,2,15,51
2026-02-20 16:00:00+04:00,28.035972928794582,240.98708765478048,2,16,51
2026-02-20 17:00:00+04:00,15.728278237408233,249.69492659669493,2,17,51
2026-02-20 18:00:00+04:00,2.9230035177741907,256.75881868517763,2,18,51
2026-02-21 07:00:00+04:00,1.8926301375656676,102.48370833218758,2,7,52
2026-02-21 08:00:00+04:00,14.702060098742951,109.41906594669399,2,8,52
2026-02-21 09:00:00+04:00,27.11884602148133,117.90566351702381,2,9,52
2026-02-21 10:00:00+04:00,38.45342181367798,129.1533328747406,2,10,52
2026-02-21 11:00:00+04:00,47.76233277468157,144.89549278730635,2,11,52
2026-02-21 12:00:00+04:00,53.43307673726082,166.45963006237207,2,12,52
2026-02-21 13:00:00+04:00,53.7048410505574,191.4123511419988,2,13,52
2026-02-21 14:00:00+04:00,48.47115596030549,213.48431090222059,2,14,52
2026-02-21 15:00:00+04:00,39.42142671169842,229.74197806011568,2,15,52
2026-02-21 16:00:00+04:00,28.227036557688443,241.3361147941868,2,16,52
2026-02-21 17:00:00+04:00,15.88541708969263,250.03416338851923,2,17,52
2026-02-21 18:00:00+04:00,3.051348656029383,257.0958797994503,2,18,52
2026-02-22 07:00:00+04:00,2.0645189247537292,102.17011326260092,2,7,53
2026-02-22 08:00:00+04:00,14.906903767003815,109.10802880900275,2,8,53
2026-02-22 09:00:00+04:00,27.35362331362718,117.59243427102575,2,9,53
2026-02-22 10:00:00+04:00,38.72861303201683,128.84763764462002,2,10,53
2026-02-22 11:00:00+04:00,48.08615246210774,144.64548007865756,2,11,53
2026-02-22 12:00:00+04:00,53.794457353787436,166.37659010901848,2,12,53
2026-02-22 13:00:00+04:00,54.056767652022565,191.57559378538951,2,13,53
2026-02-22 14:00:00+04:00,48.76869680046319,213.8040171059539,2,14,53
2026-02-22 15:00:00+04:00,39.65852227524073,230.1019380543018,2,15,53
2026-02-22 16:00:00+04:00,28.416562039836457,241.69066799960513,2,16,53
2026-02-22 17:00:00+04:00,16.04100229665435,250.37774634542,2,17,53
2026-02-22 18:00:00+04:00,3.1786865045615182,257.4366107569569,2,18,53
2026-02-23 07:00:00+04:00,2.240667585825781,101.85531945680123,2,7,54
2026-02-23 08:00:00+04:00,15.114967551600104,108.7954630781627,2,8,54
2026-02-23 09:00:00+04:00,27.59139844808621,117.27726981716216,2,9,54
2026-02-23 10:00:00+04:00,39.00673446899016,128.53962871485783,2,10,54
2026-02-23 11:00:00+04:00,48.413036668307036,144.39367805018838,2,11,54
2026-02-23 12:00:00+04:00,54.15886659434387,166.2956586016569,2,12,54
2026-02-23 13:00:00+04:00,54.41047561749222,191.7470018805096,2,13,54
2026-02-23 14:00:00+04:00,49.066140060125264,214.13306210795312,2,14,54
2026-02-23 15:00:00+04:00,39.89438984845855,230.46919933288535,2,15,54
2026-02-23 16:00:00+04:00,28.604472894495725,242.05063011177708,2,16,54
2026-02-23 17:00:00+04:00,16.194989246450962,250.72555080619338,2,17,54
2026-02-23 18:00:00+04:00,3.30497116938107,257.78088656611163,2,18,54
2026-02-24 07:00:00+04:00,2.420943670735176,101.53940350962284,2,7,55
2026-02-24 08:00:00+04:00,15.326138087653991,108.48142350201715,2,8,55
2026-02-24 09:00:00+04:00,27.832046733607804,116.96019651521476,2,9,55
2026-02-24 10:00:00+04:00,39.28765237807847,128.2292880280146,2,10,55
2026-02-24 11:00:00+04:00,48.74285254789689,144.14001879157746,2,11,55
2026-02-24 12:00:00+04:00,54.526181886432866,166.21682499670533,2,12,55
2026-02-24 13:00:00+04:00,54.76582728692967,191.92669681999888,2,13,55
2026-02-24 14:00:00+04:00,49.36334270967542,214.47147177466803,2,14,55
2026-02-24 15:00:00+04:00,40.128919621428764,230.8436762747898,2,15,55
2026-02-24 16:00:00+04:00,28.79069898694659,242.41587837404802,2,16,55
2026-02-24 17:00:00+04:00,16.34733982719795,251.07744862514943,2,17,55
2026-02-24 18:00:00+04:00,3.4301650575744094,258.12857995522364,2,18,55
2026-02-25 07:00:00+04:00,2.605206632933044,101.22243747723297,2,7,56
2026-02-25 08:00:00+04:00,15.540296783216666,108.16596035210836,2,8,56
2026-02-25 09:00:00+04:00,28.075438861826996,116.64123568496967,2,9,56
2026-02-25 10:00:00+04:00,39.571229080635725,127.91659067971261,2,10,56
2026-02-25 11:00:00+04:00,49.0754645582406,143.88442380168925,2,11,56
2026-02-25 12:00:00+04:00,54.89628030436146,166.14006827466642,2,12,56
2026-02-25 13:00:00+04:00,55.12268646277339,192.1147944714561,2,13,56
2026-02-25 14:00:00+04:00,49.66016563169498,214.81926261453071,2,14,56
2026-02-25 15:00:00+04:00,40.36200807521846,231.22527493272597,2,15,56
2026-02-25 16:00:00+04:00,28.975177399564927,242.78628484638767,2,16,56
2026-02-25 17:00:00+04:00,16.498023193056273,251.43330865621408,2,17,56
2026-02-25 18:00:00+04:00,3.5542393778340347,258.47956186733825,2,18,56
2026-02-26 07:00:00+04:00,2.793308977927795,100.90448809566266,2,7,57
2026-02-26 08:00:00+04:00,15.757320047287132,107.84911865588845,2,8,57
2026-02-26 09:00:00+04:00,28.321441195470946,116.32040281305007,2,9,57
2026-02-26 10:00:00+04:00,39.85732333743103,127.60150402758887,2,10,57
2026-02-26 11:00:00+04:00,49.41073497209012,143.62680287891743,2,11,57
2026-02-26 12:00:00+04:00,55.269039311486075,166.0653559009985,2,12,57
2026-02-26 13:00:00+04:00,55.48091930727476,192.31140491329776,2,13,57
2026-02-26 14:00:00+04:00,49.956474549545376,215.17644193997785,2,14,57
2026-02-26 15:00:00+04:00,40.59355878645439,231.61389365936571,2,15,57
2026-02-26 16:00:00+04:00,29.157853067718353,243.16171718454365,2,16,57
2026-02-26 17:00:00+04:00,16.647016259925252,251.79299752918413,2,17,57
2026-02-26 18:00:00+04:00,3.677174382002776,258.83370220129274,2,18,57
2026-02-27 07:00:00+04:00,2.9850975485172966,100.58561616097688,2,7,58
2026-02-27 08:00:00+04:00,15.977079851101701,107.53093762254787,2,8,58
2026-02-27 09:00:00+04:00,28.569916358081134,115.99770700173991,2,9,58
2026-02-27 10:00:00+04:00,40.14579097959189,127.28398713154445,2,10,58
2026-02-27 11:00:00+04:00,49.74852456508279,143.3670534507482,2,11,58
2026-02-27 12:00:00+04:00,55.6443375609909,165.99264337569446,2,12,58
2026-02-27 13:00:00+04:00,55.840395141321856,192.51663282185123,2,13,58
2026-02-27 14:00:00+04:00,50.252140715646384,215.543008565418,2,14,58
2026-02-27 15:00:00+04:00,40.823482911013656,232.00942409421683,2,15,58
2026-02-27 16:00:00+04:00,29.33867905417208,243.5420396530655,2,16,58
2026-02-27 17:00:00+04:00,16.794303829402512,252.15638057906534,2,17,58
2026-02-27 18:00:00+04:00,3.798959249958357,259.1908706632958,2,18,58
2026-02-28 07:00:00+04:00,3.180414899230371,100.26587622755187,2,7,59
2026-02-28 08:00:00+04:00,16.19944451314783,107.21145040937347,2,8,59
2026-02-28 09:00:00+04:00,28.82072400781887,115.67315081199087,2,9,59
2026-02-28 10:00:00+04:00,40.43648565795817,126.96399067223462,2,10,59
2026-02-28 11:00:00+04:00,50.088693326279646,143.10506049833782,2,11,59
2026-02-28 12:00:00+04:00,56.02205557406615,165.92187445063837,2,12,59
2026-02-28 13:00:00+04:00,56.20098695872684,192.7305784605497,2,13,59
2026-02-28 14:00:00+04:00,50.54704121170731,215.9189538464687,2,14,59
2026-02-28 15:00:00+04:00,41.05169923379381,232.41175229740367,2,15,59
2026-02-28 16:00:00+04:00,29.517616378277292,243.92711416637925,2,16,59
2026-02-28 17:00:00+04:00,16.939878272093605,252.52332273754325,2,17,59
2026-02-28 18:00:00+04:00,3.9195915670718846,259.55093754075756,2,18,59
2026-03-01 07:00:00+04:00,3.379100659259345,99.94531677205902,3,7,60
2026-03-01 08:00:00+04:00,16.42427956909098,106.89068437464482,3,8,60
2026-03-01 09:00:00+04:00,29.073721643506236,115.34673064401989,3,9,60
2026-03-01 10:00:00+04:00,40.729259546143275,126.64145748785194,3,10,60
2026-03-01 11:00:00+04:00,50.43110100205913,142.84069717258512,3,11,60
2026-03-01 12:00:00+04:00,56.40207609724875,165.85298201174442,3,12,60
2026-03-01 13:00:00+04:00,56.56257147893675,192.95333909891468,3,13,60
2026-03-01 14:00:00+04:00,50.84105872615339,216.3042628180827,3,14,60
2026-03-01 15:00:00+04:00,41.27813369845469,232.82075977763776,3,15,60
2026-03-01 16:00:00+04:00,29.69463335782078,244.31680111950686,3,16,60
2026-03-01 17:00:00+04:00,17.08373875275628,252.89368917003264,3,17,60
2026-03-01 18:00:00+04:00,4.0390763844438755,259.91377419695164,3,18,60
2026-03-02 07:00:00+04:00,3.5809927584653174,99.62398091292516,3,7,61
2026-03-02 08:00:00+04:00,16.651448581002892,106.56866190451575,3,8,61
2026-03-02 09:00:00+04:00,29.328765296084878,115.0184377367404,3,9,61
2026-03-02 10:00:00+04:00,41.02396384765342,126.31632379792717,3,10,61
2026-03-02 11:00:00+04:00,50.77560732181926,142.57382613541301,3,11,61
2026-03-02 12:00:00+04:00,56.7842839945995,165.78588956155477,3,12,61
2026-03-02 13:00:00+04:00,56.925028630594014,193.1850106562698,3,13,61
2026-03-02 14:00:00+04:00,51.13408076377348,216.69891516112943,3,14,61
2026-03-02 15:00:00+04:00,41.502718418964086,233.2363241796103,3,15,61
2026-03-02 16:00:00+04:00,29.86970448117166,244.71095982787347,3,16,61
2026-03-02 17:00:00+04:00,17.225890029685605,253.26734550773253,3,17,61
2026-03-02 18:00:00+04:00,4.157424898499279,260.27925315455263,3,18,61
2026-03-03 07:00:00+04:00,3.7859284400410935,99.30190765786972,3,7,62
2026-03-03 08:00:00+04:00,16.880813785273652,106.24540177017224,3,8,62
2026-03-03 09:00:00+04:00,29.58571001736901,114.68825972764745,3,9,62
2026-03-03 10:00:00+04:00,41.320449037028894,125.98852103467351,3,10,62
2026-03-03 11:00:00+04:00,51.12207186551652,142.3043015251094,3,11,62
2026-03-03 12:00:00+04:00,57.168565669313125,165.72051315213503,3,12,62
2026-03-03 13:00:00+04:00,57.28824050997948,193.42568936934566,3,13,62
2026-03-03 14:00:00+04:00,51.4259983772981,217.1028858377334,3,14,62
2026-03-03 15:00:00+04:00,41.72539028841576,233.65831953709755,3,15,62
2026-03-03 16:00:00+04:00,30.04280894242479,245.10944852528036,3,16,62
2026-03-03 17:00:00+04:00,17.366340964339624,253.64415765548057,3,17,62
2026-03-03 18:00:00+04:00,4.274652880219115,260.64724777024463,3,18,62
2026-03-04 07:00:00+04:00,3.993745038221861,98.97913348284624,3,7,63
2026-03-04 08:00:00+04:00,17.11223657258779,105.9209208137645,3,8,63
2026-03-04 09:00:00+04:00,29.844410187188128,114.35618255341859,3,9,63
2026-03-04 10:00:00+04:00,41.618564890328614,125.65797803493001,3,10,63
2026-03-04 11:00:00+04:00,51.47035367180851,142.03197126622695,3,11,63
2026-03-04 12:00:00+04:00,57.554808177985464,165.65676350357649,3,12,63
2026-03-04 13:00:00+04:00,57.652090034100596,193.67547333693904,3,13,63
2026-03-04 14:00:00+04:00,51.71670466539993,217.51614537860132,3,14,63
2026-03-04 15:00:00+04:00,41.946089423978094,234.08661617043487,3,15,63
2026-03-04 16:00:00+04:00,30.2139290682652,245.512124040464,3,16,63
2026-03-04 17:00:00+04:00,17.505102955316765,254.0239913192283,3,17,63
2026-03-04 18:00:00+04:00,4.39077905500864,261.0176316581217,3,18,63
2026-03-05 07:00:00+04:00,4.204280549171657,98.6556939245059,3,7,64
2026-03-05 08:00:00+04:00,17.3455778353856,105.59523563276241,3,8,64
2026-03-05 09:00:00+04:00,30.10471970063762,114.02219232991291,3,9,64
2026-03-05 10:00:00+04:00,41.91816042071863,125.32462320017771,3,10,64
2026-03-05 11:00:00+04:00,51.820310777189455,141.7566793249287,3,11,64
2026-03-05 12:00:00+04:00,57.9428983099247,165.594547997326,3,12,64
2026-03-05 13:00:00+04:00,58.01645961764732,193.93446379601886,3,13,64
2026-03-05 14:00:00+04:00,52.00609337083443,217.9386598967847,3,14,64
2026-03-05 15:00:00+04:00,42.16475776347119,234.52108039800422,3,15,64
2026-03-05 16:00:00+04:00,30.38304891311341,245.91884136788795,3,16,64
2026-03-05 17:00:00+04:00,17.642188558056713,254.40671147439303,3,17,64
2026-03-05 18:00:00+04:00,4.50582366886947,261.39027809242765,3,18,64
2026-03-06 07:00:00+04:00,4.417374046208257,98.33162487631284,3,7,65
2026-03-06 08:00:00+04:00,17.58069823074995,105.26836394119118,3,8,65
2026-03-06 09:00:00+04:00,30.36649211645693,113.68627687359441,3,9,65
2026-03-06 10:00:00+04:00,42.2190838326765,124.98838624756996,3,10,65
2026-03-06 11:00:00+04:00,52.17179986004023,141.47826751545165,3,11,65
2026-03-06 12:00:00+04:00,58.33272187667952,165.53377221253686,3,12,65
2026-03-06 13:00:00+04:00,58.38123016325833,194.20276606479007,3,13,65
2026-03-06 14:00:00+04:00,52.29405785988299,218.37039094014364,3,14,65
2026-03-06 15:00:00+04:00,42.38133805618916,234.96157425500496,3,15,65
2026-03-06 16:00:00+04:00,30.550153257579534,246.32945331910793,3,16,65
2026-03-06 17:00:00+04:00,17.77761049738538,254.79218196495657,3,17,65
2026-03-06 18:00:00+04:00,4.619807440042656,261.7650595717463,3,18,65
2026-03-07 07:00:00+04:00,4.632865947471723,98.0069633964381,3,7,66
2026-03-07 08:00:00+04:00,17.817458376385815,104.94032542188222,3,8,66
2026-03-07 09:00:00+04:00,30.62958078867073,113.34842666229645,3,9,66
2026-03-07 10:00:00+04:00,42.52118254089417,124.64919933309591,3,10,66
2026-03-07 11:00:00+04:00,52.524676062128506,141.19657661110648,3,11,66
2026-03-07 12:00:00+04:00,58.724163328746535,165.47434080577773,3,12,66
2026-03-07 13:00:00+04:00,58.74628050958845,194.48049006434445,3,13,66
2026-03-07 14:00:00+04:00,52.58049061979321,218.81129522699584,3,14,66
2026-03-07 15:00:00+04:00,42.59577337138132,235.40795529294536,3,15,66
2026-03-07 16:00:00+04:00,30.715227099320394,246.74381034447242,3,16,66
2026-03-07 17:00:00+04:00,17.911381156309996,255.1802653089835,3,17,66
2026-03-07 18:00:00+04:00,4.732750966779806,262.14184761408893,3,18,66
2026-03-08 07:00:00+04:00,4.850598151086812,97.68174803199793,3,7,67
2026-03-08 08:00:00+04:00,18.055718964890893,104.61114207019068,3,8,67
2026-03-08 09:00:00+04:00,30.893838963612893,113.00863523958833,3,9,67
2026-03-08 10:00:00+04:00,42.82430322747353,124.30699754636629,3,10,67
2026-03-08 11:00:00+04:00,52.8787929623197,140.91144676295625,3,11,67
2026-03-08 12:00:00+04:00,59.11710566798494,165.41615772510193,3,12,67
2026-03-08 13:00:00+04:00,59.11148729939328,194.7677504318098,3,13,67
2026-03-08 14:00:00+04:00,52.86528322645405,219.2613242789194,3,14,67
2026-03-08 15:00:00+04:00,42.808007066551546,235.86007645877834,3,15,67
2026-03-08 16:00:00+04:00,30.878255585167103,247.16176049793637,3,16,67
2026-03-08 17:00:00+04:00,18.04351248667363,255.57082267348375,3,17,67
2026-03-08 18:00:00+04:00,4.844674541766123,262.520512734683,3,18,67
2026-03-09 07:00:00+04:00,5.070414047858744,97.35601879771446,3,7,68
2026-03-09 08:00:00+04:00,18.29534080429713,104.28083818379577,3,8,68
2026-03-09 09:00:00+04:00,31.159119834129662,112.66689923378169,3,9,68
2026-03-09 10:00:00+04:00,43.12829190498731,123.96171897029024,3,10,68
2026-03-09 11:00:00+04:00,53.234002624470044,140.62271741215852,3,11,68
2026-03-09 12:00:00+04:00,59.511430538902125,165.35912591324086,3,12,68
2026-03-09 13:00:00+04:00,59.47672511836939,195.0646663222448,3,13,68
2026-03-09 14:00:00+04:00,53.14832661664397,219.72042396838742,3,14,68
2026-03-09 15:00:00+04:00,43.01798304948019,236.31778601587152,3,15,68
2026-03-09 16:00:00+04:00,31.039224222345357,247.58314948053913,3,16,68
2026-03-09 17:00:00+04:00,18.17401618450336,255.9637139406027,3,17,68
2026-03-09 18:00:00+04:00,4.955598223907209,262.90092451995065,3,18,68
2026-03-10 07:00:00+04:00,5.292158461045514,97.02981699705356,3,7,69
2026-03-10 08:00:00+04:00,18.536184811306207,103.94944019128422,3,8,69
2026-03-10 09:00:00+04:00,31.425276560852513,112.32321820401995,3,9,69
2026-03-10 10:00:00+04:00,43.43299396843834,123.61330454841368,3,10,69
2026-03-10 11:00:00+04:00,53.59015566975442,140.33022699004283,3,11,69
2026-03-10 12:00:00+04:00,59.907018387814496,165.30314678368381,3,12,69
2026-03-10 13:00:00+04:00,59.84186674199575,195.371361053374,3,13,69
2026-03-10 14:00:00+04:00,53.42951148203842,220.18853402455693,3,14,69
2026-03-10 15:00:00+04:00,43.225646149722046,236.78092748528948,3,15,69
2026-03-10 16:00:00+04:00,31.198119182335205,248.00782071829533,3,16,69
2026-03-10 17:00:00+04:00,18.302903949316566,256.3587978076319,3,17,69
2026-03-10 18:00:00+04:00,5.065541994580353,263.2829517336065,3,18,69
2026-03-11 07:00:00+04:00,5.515677585930338,96.70318504003552,3,7,70
2026-03-11 08:00:00+04:00,18.778112018829457,103.6169764816691,3,8,70
2026-03-11 09:00:00+04:00,31.692162309123233,111.97759449488234,3,9,70
2026-03-11 10:00:00+04:00,43.73825426305397,123.26169797562761,3,10,70
2026-03-11 11:00:00+04:00,53.94710135770005,140.03381265283764,3,11,70
2026-03-11 12:00:00+04:00,60.3037486221373,165.24811972461453,3,12,70
2026-03-11 13:00:00+04:00,60.2067833689831,195.6879617995964,3,13,70
2026-03-11 14:00:00+04:00,53.70872863357971,220.6655875942298,3,14,70
2026-03-11 15:00:00+04:00,43.430942441351974,237.24933963646168,3,15,70
2026-03-11 16:00:00+04:00,31.354927553849176,248.43561546292662,3,16,70
2026-03-11 17:00:00+04:00,18.430187687808008,256.7559318987175,3,17,70
2026-03-11 18:00:00+04:00,5.17452586462778,263.6664624284513,3,18,70
2026-03-12 07:00:00+04:00,5.740818991812123,96.37616634883784,3,7,71
2026-03-12 08:00:00+04:00,19.02098365982698,103.28347733445639,3,8,71
2026-03-12 09:00:00+04:00,31.95963035626071,111.63003321340057,3,9,71
2026-03-12 10:00:00+04:00,44.04391720608245,122.90684574924018,3,10,71
2026-03-12 11:00:00+04:00,54.304687692495975,139.73331023368792,3,11,71
2026-03-12 12:00:00+04:00,60.70149974566875,165.193941839089,3,12,71
2026-03-12 13:00:00+04:00,60.57134477613806,196.0145994769777,3,13,71
2026-03-12 14:00:00+04:00,53.98586925220613,221.15151092473585,3,14,71
2026-03-12 15:00:00+04:00,43.63381942865588,237.72285655156927,3,15,71
2026-03-12 16:00:00+04:00,31.509637445152798,248.86637293187243,3,16,71
2026-03-12 17:00:00+04:00,18.555879563635024,257.15497289599443,3,17,71
2026-03-12 18:00:00+04:00,5.2825698369079275,264.051324068176,3,18,71
2026-03-13 07:00:00+04:00,5.967431737780379,96.0488053962938,3,7,72
2026-03-13 08:00:00+04:00,19.26466136178768,102.94897499124903,3,8,72
2026-03-13 09:00:00+04:00,32.22753429791081,111.28054237309766,3,9,72
2026-03-13 10:00:00+04:00,44.349826996017946,122.54869744886128,3,10,72
2026-03-13 11:00:00+04:00,54.66276157425628,139.4285545053687,3,11,72
2026-03-13 12:00:00+04:00,61.10014946852396,165.14050804635144,3,12,72
2026-03-13 13:00:00+04:00,60.935419367999266,196.3514089094827,3,13,72
2026-03-13 14:00:00+04:00,54.260824986752304,221.64622321611319,3,14,72
2026-03-13 15:00:00+04:00,43.834226055668104,238.2013077828171,3,15,72
2026-03-13 16:00:00+04:00,31.662237903552274,249.29993049393335,3,16,72
2026-03-13 17:00:00+04:00,18.679991866316485,257.55577669357314,3,17,72
2026-03-13 18:00:00+04:00,5.389693696518629,264.43740366449657,3,18,72
2026-03-14 07:00:00+04:00,6.195366608470739,95.72114786458081,3,7,73
2026-03-14 08:00:00+04:00,19.50900746311037,102.61350385723324,3,8,73
2026-03-14 09:00:00+04:00,32.495728372057776,110.92913319542697,3,9,73
2026-03-14 10:00:00+04:00,44.655827912166274,122.1872062155054,3,10,73
2026-03-14 11:00:00+04:00,55.02116900872104,139.11937973500062,3,11,73
2026-03-14 12:00:00+04:00,61.49957480770397,165.08771152432632,3,12,73
2026-03-14 13:00:00+04:00,61.29887413934512,196.69852928902782,3,13,73
2026-03-14 14:00:00+04:00,54.53348792234387,222.1496366425884,3,14,73
2026-03-14 15:00:00+04:00,44.03211256198362,238.684518612989,3,15,73
2026-03-14 16:00:00+04:00,31.81271868288557,249.7361239100468,3,16,73
2026-03-14 17:00:00+04:00,18.802536726250302,257.95819859143415,3,17,73
2026-03-14 18:00:00+04:00,5.495916661565419,264.82456794676375,3,18,73
2026-03-15 07:00:00+04:00,6.424476457418214,95.3932408524447,3,7,74
2026-03-15 08:00:00+04:00,19.753885439306064,102.27710075342833,3,8,74
2026-03-15 09:00:00+04:00,32.764067886812285,110.57582047011067,3,9,74
2026-03-15 10:00:00+04:00,44.96176472259532,121.82232933335376,3,10,74
2026-03-15 11:00:00+04:00,55.37975540520572,138.80562041278023,3,11,74
2026-03-15 12:00:00+04:00,61.89965223511558,165.03544441206122,3,12,74
2026-03-15 13:00:00+04:00,61.661574628644104,197.05610484988088,3,13,74
2026-03-15 14:00:00+04:00,54.80375050631163,222.66165653480124,3,14,74
2026-03-15 15:00:00+04:00,44.22743028161895,239.17231042990892,3,15,74
2026-03-15 16:00:00+04:00,31.961069942050223,250.17478766610418,3,16,74
2026-03-15 17:00:00+04:00,18.92352576744021,258.3620935663767,3,17,74
2026-03-15 18:00:00+04:00,5.601256979827521,265.2126836075488,3,18,74
2026-03-16 07:00:00+04:00,6.654616619829583,95.06513300561255,3,7,75
2026-03-16 08:00:00+04:00,19.999160396026827,101.93980508004654,3,8,75
2026-03-16 09:00:00+04:00,33.032409723956356,110.22062281692587,3,9,75
2026-03-16 10:00:00+04:00,45.26748317746467,121.45402870693238,3,10,75
2026-03-16 11:00:00+04:00,55.73836597911278,138.4871119088911,3,11,75
2026-03-16 12:00:00+04:00,62.30025794012584,164.98359850934958,3,12,75
2026-03-16 13:00:00+04:00,62.023384975293,197.4242856393395,3,13,75
2026-03-16 14:00:00+04:00,55.07150556362645,223.18218169275843,3,14,75
2026-03-16 15:00:00+04:00,44.42013151538106,239.66450123529447,3,15,75
2026-03-16 16:00:00+04:00,32.10728202396113,250.61575541880921,3,16,75
2026-03-16 17:00:00+04:00,19.04296984145923,258.76731665277566,3,17,75
2026-03-16 18:00:00+04:00,5.705731609564257,265.60161766073577,3,18,75
2026-03-17 07:00:00+04:00,6.8856453138807145,94.73687444911377,3,7,76
2026-03-17 08:00:00+04:00,20.24469955808435,101.60165876641406,3,8,76
2026-03-17 09:00:00+04:00,33.300612850592955,109.86356270217152,3,9,76
2026-03-17 10:00:00+04:00,45.57283053572464,121.08227105043886,3,10,76
2026-03-17 11:00:00+04:00,56.09684623370518,138.1636908124163,3,11,76
2026-03-17 12:00:00+04:00,62.70126823422208,164.93206569715437,3,12,76
2026-03-17 13:00:00+04:00,62.38416816489487,197.80322816554997,3,13,76
2026-03-17 14:00:00+04:00,55.336646514671514,223.7111047256253,3,14,76
2026-03-17 15:00:00+04:00,44.61016960194123,240.16090623315728,3,15,76
2026-03-17 16:00:00+04:00,32.251345427682374,251.05886053323405,3,16,76
2026-03-17 17:00:00+04:00,19.160878958157394,259.1737234156145,3,17,76
2026-03-17 18:00:00+04:00,5.8093561098017865,265.9912378882557,3,18,76
2026-03-18 07:00:00+04:00,7.1174239215095625,94.4085165033942,3,7,77
2026-03-18 08:00:00+04:00,20.490372626131307,101.26270598053168,3,8,77
2026-03-18 09:00:00+04:00,33.56853870861388,109.50466617268438,3,9,77
2026-03-18 10:00:00+04:00,45.87765600166231,120.70702773062726,3,10,77
2026-03-18 11:00:00+04:00,56.45504240532319,137.83519482984042,3,11,77
2026-03-18 12:00:00+04:00,63.10256001226618,164.880737850365,3,12,77
2026-03-18 13:00:00+04:00,62.743786430499185,198.19309566472185,3,13,77
2026-03-18 14:00:00+04:00,55.599067804780326,224.24831221331135,3,14,77
2026-03-18 15:00:00+04:00,44.7974992186603,240.6613383343112,3,15,77
2026-03-18 16:00:00+04:00,32.39325102460711,251.50393656567158,3,16,77
2026-03-18 17:00:00+04:00,19.2772624688104,259.5811703813697,3,17,77
2026-03-18 18:00:00+04:00,5.912144782543571,266.3814132493367,3,18,77
2026-03-19 07:00:00+04:00,7.349817000634824,94.08011129625584,3,7,78
2026-03-19 08:00:00+04:00,20.736051859818083,100.92299272428102,3,8,78
2026-03-19 09:00:00+04:00,33.83605132983712,109.14396244098873,3,9,78
2026-03-19 10:00:00+04:00,46.18181088982849,120.3282743805488,3,10,78
2026-03-19 11:00:00+04:00,56.81280167236171,137.5014623040147,3,11,78
2026-03-19 12:00:00+04:00,63.504011071043074,164.82950612526122,3,12,78
2026-03-19 13:00:00+04:00,63.10210165471374,198.59405771423414,3,13,78
2026-03-19 14:00:00+04:00,55.85866544215177,224.7936844004446,3,14,78
2026-03-19 15:00:00+04:00,44.982076843604794,241.1656083183977,3,15,78
2026-03-19 16:00:00+04:00,32.53299046894636,251.95081746208635,3,16,78
2026-03-19 17:00:00+04:00,19.39212946137544,259.98951521406104,3,17,78
2026-03-19 18:00:00+04:00,6.014111038004939,266.77201404134587,3,18,78
2026-03-20 07:00:00+04:00,7.582691914599965,93.75171145246912,3,7,79
2026-03-20 08:00:00+04:00,20.981611761027075,100.58256650071866,3,8,79
2026-03-20 09:00:00+04:00,34.103017040530204,108.78148352218972,3,9,79
2026-03-20 10:00:00+04:00,46.4851483758461,119.9459905108996,3,10,79
2026-03-20 11:00:00+04:00,57.169971954300614,137.1623315581919,3,11,79
2026-03-20 12:00:00+04:00,63.90550008656145,164.77825965300076,3,12,79
2026-03-20 13:00:00+04:00,63.45897560319784,199.00628895985804,3,13,79
2026-03-20 14:00:00+04:00,56.11533752290137,225.34709416296548,3,14,79
2026-03-20 15:00:00+04:00,45.16386128772068,241.67352442571263,3,15,79
2026-03-20 16:00:00+04:00,32.67055672028079,252.39933728061715,3,16,79
2026-03-20 17:00:00+04:00,19.505489292927926,260.39861646392137,3,17,79
2026-03-20 18:00:00+04:00,6.1152679112291395,267.162911649979,3,18,79
2026-03-21 07:00:00+04:00,7.81591805850236,93.42336995902508,3,7,80
2026-03-21 08:00:00+04:00,21.226928341055267,100.24147615452534,3,8,80
2026-03-21 09:00:00+04:00,34.36930373929643,108.41726403233861,3,9,80
2026-03-21 10:00:00+04:00,46.78752280550792,119.56015923432847,3,10,80
2026-03-21 11:00:00+04:00,57.52640126328703,136.8176401781019,3,11,80
2026-03-21 12:00:00+04:00,64.30690620496,164.72688366034663,3,12,80
2026-03-21 13:00:00+04:00,63.814269956027786,199.4299669237304,3,13,80
2026-03-21 14:00:00+04:00,56.36898471482922,225.908405236441,3,14,80
2026-03-21 15:00:00+04:00,45.342814266966776,242.18489138338717,3,15,80
2026-03-21 16:00:00+04:00,32.805944658485046,252.84932944163535,3,16,80
2026-03-21 17:00:00+04:00,19.617352237136004,260.8083329010719,3,17,80
2026-03-21 18:00:00+04:00,6.215628697821098,267.55397791334605,3,18,80
2026-03-22 07:00:00+04:00,8.049365787779442,93.09514010330224,3,7,81
2026-03-22 08:00:00+04:00,21.471878097574027,99.89977178067733,3,8,81
2026-03-22 09:00:00+04:00,34.6347798883359,108.05134103700038,3,9,81
2026-03-22 10:00:00+04:00,47.08878872072115,119.17076699103922,3,10,81
2026-03-22 11:00:00+04:00,57.881936789282975,136.4672241457361,3,11,81
2026-03-22 12:00:00+04:00,64.70810844633124,164.67525701238787,3,12,81
2026-03-22 13:00:00+04:00,64.16784632760232,199.86526906213095,3,13,81
2026-03-22 14:00:00+04:00,56.61951084110264,226.47747000474453,3,14,81
2026-03-22 15:00:00+04:00,45.51890111109061,242.69950916075464,3,15,81
2026-03-22 16:00:00+04:00,32.93915184590509,253.3006257862625,3,16,81
2026-03-22 17:00:00+04:00,19.727730285076145,261.2185226972358,3,17,81
2026-03-22 18:00:00+04:00,6.315207752874257,267.9450843510559,3,18,81
2026-03-23 07:00:00+04:00,8.282905278985448,92.76707523010441,3,7,82
2026-03-23 08:00:00+04:00,21.716336930008033,99.55750442998817,3,8,82
2026-03-23 09:00:00+04:00,34.899313465301134,107.68375366094881,3,9,82
2026-03-23 10:00:00+04:00,47.38879988766548,118.77780298205164,3,10,82
2026-03-23 11:00:00+04:00,58.236424045460346,136.1109165750625,3,11,82
2026-03-23 12:00:00+04:00,65.10898528052617,164.6232491563086,3,12,82
2026-03-23 13:00:00+04:00,64.51956658893583,200.31236948555096,3,13,82
2026-03-23 14:00:00+04:00,56.86682377144445,227.05412741073152,3,14,82
2026-03-23 15:00:00+04:00,45.6920917394284,243.21717195350834,3,15,82
2026-03-23 16:00:00+04:00,33.07017953032411,253.7530558703399,3,16,82
2026-03-23 17:00:00+04:00,19.83663816930078,261.62904284047374,3,17,82
2026-03-23 18:00:00+04:00,6.414021496735523,268.33610163060905,3,18,82
2026-03-24 07:00:00+04:00,8.516405564590979,92.43922808351624,3,7,83
2026-03-24 08:00:00+04:00,21.960179251015468,99.21472538045907,3,8,83
2026-03-24 09:00:00+04:00,35.16277114456393,107.31454222421485,3,9,83
2026-03-24 10:00:00+04:00,47.68740859659608,118.38125806285251,3,10,83
2026-03-24 11:00:00+04:00,58.58970636914293,135.74854586297613,3,11,83
2026-03-24 12:00:00+04:00,65.50941467618526,164.57071653390085,3,12,83
2026-03-24 13:00:00+04:00,64.8692937125459,200.77143586389113,3,13,83
2026-03-24 14:00:00+04:00,57.11083672105702,227.63820154764142,3,14,83
2026-03-24 15:00:00+04:00,45.862361930732135,243.73766783761286,3,15,83
2026-03-24 16:00:00+04:00,33.19903388125297,254.20644684496045,3,16,83
2026-03-24 17:00:00+04:00,19.944094582853058,262.0397490830826,3,17,83
2026-03-24 18:00:00+04:00,6.512089602250511,268.7268995376339,3,18,83
2026-03-25 07:00:00+04:00,8.749733908220561,92.11164972243444,3,7,84
2026-03-25 08:00:00+04:00,22.203277449432466,98.87148497259159,3,8,84
2026-03-25 09:00:00+04:00,35.425017846720394,106.9437469156328,3,9,84
2026-03-25 10:00:00+04:00,47.98446537617095,117.98112316055699,3,10,84
2026-03-25 11:00:00+04:00,58.94162488863889,135.37993339251295,3,11,84
2026-03-25 12:00:00+04:00,65.90927467746408,164.5174987826341,3,12,84
2026-03-25 13:00:00+04:00,65.216893091454,201.24262692630825,3,13,84
2026-03-25 14:00:00+04:00,57.35146982741196,228.22950120610108,3,14,84
2026-03-25 15:00:00+04:00,46.02969473573249,244.26077922041014,3,15,84
2026-03-25 16:00:00+04:00,33.32572728767951,254.6606239940181,3,16,84
2026-03-25 17:00:00+04:00,20.050123425450302,262.4504964539361,3,17,84
2026-03-25 18:00:00+04:00,6.609436191867371,269.1173474637925,3,18,84
2026-03-26 07:00:00+04:00,8.982755572940425,91.78438827791956,3,7,85
2026-03-26 08:00:00+04:00,22.445501735778553,98.52783129653272,3,8,85
2026-03-26 09:00:00+04:00,35.685916669663406,106.57140634056134,3,9,85
2026-03-26 10:00:00+04:00,48.279819077096484,117.57738760736345,3,10,85
2026-03-26 11:00:00+04:00,59.29201884424788,135.00489128285113,3,11,85
2026-03-26 12:00:00+04:00,66.30844428021805,164.46341520662327,3,12,85
2026-03-26 13:00:00+04:00,65.56223399841373,201.72609083908333,3,13,85
2026-03-26 14:00:00+04:00,57.588651655107114,228.82782030780507,3,14,85
2026-03-26 15:00:00+04:00,46.19408170072482,244.78628390189283,3,15,85
2026-03-26 16:00:00+04:00,33.45027943027517,255.11541169788762,3,16,85
2026-03-26 17:00:00+04:00,20.154754797711483,262.86114010701516,3,17,85
2026-03-26 18:00:00+04:00,6.706090776520624,269.5073151825427,3,18,85
2026-03-27 07:00:00+04:00,9.215333925263558,91.45748795183016,3,7,86
2026-03-27 08:00:00+04:00,22.68672030512723,98.1838091559959,3,8,86
2026-03-27 09:00:00+04:00,35.94532910388767,106.19755641224572,3,9,86
2026-03-27 10:00:00+04:00,48.57331718587154,117.17003794422499,3,10,86
2026-03-27 11:00:00+04:00,59.64072603471558,134.62322082053618,3,11,86
2026-03-27 12:00:00+04:00,66.70680425709045,164.408262058412,3,12,86
2026-03-27 13:00:00+04:00,65.90519076754909,202.22196446468334,3,13,86
2026-03-27 14:00:00+04:00,57.82232025212129,229.43293889443498,3,14,86
2026-03-27 15:00:00+04:00,46.35552359086649,245.31395635587774,3,15,86
2026-03-27 16:00:00+04:00,33.5727178369475,255.57063447391397,3,16,86
2026-03-27 17:00:00+04:00,20.258025481274444,263.2715361793169,3,17,86
2026-03-27 18:00:00+04:00,6.802088696271272,269.8966735989908,3,18,86
2026-03-28 07:00:00+04:00,9.44733078673778,91.13098857611385,3,7,87
2026-03-28 08:00:00+04:00,22.92679972212644,97.83945963856672,3,8,87
2026-03-28 09:00:00+04:00,36.20311542615756,105.82222994861195,3,9,87
2026-03-28 10:00:00+04:00,48.86480624055045,116.75905761748726,3,10,87
2026-03-28 11:00:00+04:00,59.98758320850068,134.23471207059157,3,11,87
2026-03-28 12:00:00+04:00,67.10423766301905,164.35181101483113,3,12,87
2026-03-28 13:00:00+04:00,66.24564340001503,202.7303734174438,3,13,87
2026-03-28 14:00:00+04:00,58.05242351912502,230.04462433952483,3,14,87
2026-03-28 15:00:00+04:00,46.514030427958055,245.84356891214682,3,15,87
2026-03-28 16:00:00+04:00,33.69307777961651,256.02611781466607,3,16,87
2026-03-28 17:00:00+04:00,20.359978778582093,263.6815424184693,3,17,87
2026-03-28 18:00:00+04:00,6.897470933948592,270.2852952642386,3,18,87
2026-03-29 07:00:00+04:00,9.678606973292599,90.80492584170963,3,7,88
2026-03-29 08:00:00+04:00,23.165605473369194,97.49482040072371,3,8,88
2026-03-29 09:00:00+04:00,36.45913521928627,105.44545708824563,3,9,88
2026-03-29 10:00:00+04:00,49.15413228387059,116.34442768525332,3,10,88
2026-03-29 11:00:00+04:00,60.33242633053067,133.83914481150487,3,11,88
2026-03-29 12:00:00+04:00,67.50062993590181,164.29380893496796,3,12,88
2026-03-29 13:00:00+04:00,66.58347752285498,203.25143277009707,3,13,88
2026-03-29 14:00:00+04:00,58.27891887044332,230.66263257504215,3,14,88
2026-03-29 15:00:00+04:00,46.66962085581003,246.37489268621684,3,15,88
2026-03-29 16:00:00+04:00,33.811401536933865,256.48168872199915,3,16,88
2026-03-29 17:00:00+04:00,20.460663744836285,264.09101850751955,3,17,88
2026-03-29 18:00:00+04:00,6.9922833444213,270.6730545968147,3,18,88
2026-03-30 07:00:00+04:00,9.90902296303327,90.47933210413322,3,7,89
2026-03-30 08:00:00+04:00,23.40300263532457,97.14992656365473,3,8,89
2026-03-30 09:00:00+04:00,36.713247978969086,105.06726640306806,3,9,89
2026-03-30 10:00:00+04:00,49.44114134902932,115.9261284006954,3,10,89
2026-03-30 11:00:00+04:00,60.675090750498605,133.43629065858568,3,11,89
2026-03-30 12:00:00+04:00,67.89586865159956,164.23397876856802,3,12,89
2026-03-30 13:00:00+04:00,66.91858380688257,203.78524819850014,3,13,89
2026-03-30 14:00:00+04:00,58.50177233268365,231.28670921261482,3,14,89
2026-03-30 15:00:00+04:00,46.82232098323375,246.90769823213606,3,15,89
2026-03-30 16:00:00+04:00,33.927737173893135,256.9371759516773,3,16,89
2026-03-30 17:00:00+04:00,20.56013396132576,264.49982611988924,3,17,89
2026-03-30 18:00:00+04:00,7.086575445158323,271.05982785402404,3,18,89
2026-03-31 07:00:00+04:00,10.13843962457865,90.15423758973276,3,7,90
2026-03-31 08:00:00+04:00,23.63885659705173,96.80481203185997,3,8,90
2026-03-31 09:00:00+04:00,36.965313761168446,104.68768649318997,3,9,90
2026-03-31 10:00:00+04:00,49.72567995024732,115.50414140507189,3,10,90
2026-03-31 11:00:00+04:00,61.01541129301509,133.02591605758784,3,11,90
2026-03-31 12:00:00+04:00,68.2898430236708,164.17202126872314,3,12,90
2026-03-31 13:00:00+04:00,67.25085700615193,204.331917310976,3,13,90
2026-03-31 14:00:00+04:00,58.72095727740333,231.91659046866914,3,14,90
2026-03-31 15:00:00+04:00,46.97216291836392,247.4417559069832,3,15,90
2026-03-31 16:00:00+04:00,34.04213704803021,257.39240999608825,3,16,90
2026-03-31 17:00:00+04:00,20.658446056150858,264.90782874591554,3,17,90
2026-03-31 18:00:00+04:00,7.180398960025988,271.44549290346987,3,18,90
2026-04-01 07:00:00+04:00,10.366718912411926,89.82967182139754,4,7,91
2026-04-01 08:00:00+04:00,23.873033749567206,96.45951104096713,4,8,91
2026-04-01 09:00:00+04:00,37.21519379447346,104.30674784072511,4,9,91
2026-04-01 10:00:00+04:00,50.00759552768338,115.07845225348899,4,10,91
2026-04-01 11:00:00+04:00,61.35322226755342,132.60778579795607,4,11,91
2026-04-01 12:00:00+04:00,68.68244322475566,164.10761709720646,4,12,91
2026-04-01 13:00:00+04:00,67.58019479022761,204.89153081015795,4,13,91
2026-04-01 14:00:00+04:00,58.93645300285588,232.5520037642586,4,14,91
2026-04-01 15:00:00+04:00,47.11918320013974,247.97683593949213,4,15,91
2026-04-01 16:00:00+04:00,34.154656244092386,257.8472228312233,4,16,91
2026-04-01 17:00:00+04:00,20.755658169237787,265.3148913280797,4,17,91
2026-04-01 18:00:00+04:00,7.273806322463618,271.82992882780445,4,18,91
2026-04-02 07:00:00+04:00,10.59372443230505,89.50566507820992,4,7,92
2026-04-02 08:00:00+04:00,24.10540205044978,96.11405973508971,4,8,92
2026-04-02 09:00:00+04:00,37.462750978633466,103.92448468981019,4,9,92
2026-04-02 10:00:00+04:00,50.286736800692125,114.6490529860319,4,10,92
2026-04-02 11:00:00+04:00,61.688357401717326,132.18166666962264,4,11,92
2026-04-02 12:00:00+04:00,69.07355961919463,164.04042887495916,4,12,92
2026-04-02 13:00:00+04:00,67.90649655210565,205.4641731922181,4,13,92
2026-04-02 14:00:00+04:00,59.14824337496387,233.19266794806998,4,14,92
2026-04-02 15:00:00+04:00,47.26342134149397,248.51270823156864,4,15,92
2026-04-02 16:00:00+04:00,34.26535114385505,258.30144748302376,4,16,92
2026-04-02 17:00:00+04:00,20.851828563000435,265.7208797664084,4,17,92
2026-04-02 18:00:00+04:00,7.366849319772779,272.2130154317504,4,18,92
2026-04-03 07:00:00+04:00,10.81932184147126,89.18224969364564,4,7,93
2026-04-03 08:00:00+04:00,24.335831433461475,95.76849756345382,4,8,93
2026-04-03 09:00:00+04:00,37.707850250817316,103.54093671006956,4,9,93
2026-04-03 10:00:00+04:00,50.56295402123619,114.21594442685102,4,10,93
2026-04-03 11:00:00+04:00,62.02064974069472,131.7473308528099,4,11,93
2026-04-03 12:00:00+04:00,69.46308203877919,163.97010273239653,4,12,93
2026-04-03 13:00:00+04:00,68.22966239772768,206.0499228370302,4,13,93
2026-04-03 14:00:00+04:00,59.35631573019627,233.83829323221772,4,14,93
2026-04-03 15:00:00+04:00,47.40491866739462,249.0491420280194,4,15,93
2026-04-03 16:00:00+04:00,34.37427830119688,258.7549175465644,4,16,93
2026-04-03 17:00:00+04:00,20.94701454079866,266.12566041936685,4,17,93
2026-04-03 18:00:00+04:00,7.459578043694321,272.5946327662265,4,18,93
2026-04-04 07:00:00+04:00,11.043379090460801,88.85946100682975,4,7,94
2026-04-04 08:00:00+04:00,24.56419407286834,95.42286829902832,4,8,94
2026-04-04 09:00:00+04:00,37.95035883677999,103.15615021839204,4,9,94
2026-04-04 10:00:00+04:00,50.83609917591311,113.77913794942202,4,10,94
2026-04-04 11:00:00+04:00,62.34993159737341,131.30455871825131,4,11,94
2026-04-04 12:00:00+04:00,69.85089924659756,163.89626907532124,4,12,94
2026-04-04 13:00:00+04:00,68.5495924953569,206.64885149790436,4,13,94
2026-04-04 14:00:00+04:00,59.56066018959389,234.4885810224463,4,14,94
2026-04-04 15:00:00+04:00,47.54371756286556,249.58590563831277,4,15,94
2026-04-04 16:00:00+04:00,34.48149372116792,259.20746681516624,4,16,94
2026-04-04 17:00:00+04:00,21.04127176308744,266.52909973707284,4,17,94
2026-04-04 18:00:00+04:00,7.552040233347106,272.9746607933313,4,18,94
2026-04-05 07:00:00+04:00,11.265766550702208,88.53733788235104,4,7,95
2026-04-05 08:00:00+04:00,24.790364544207023,95.07722059252421,4,8,95
2026-04-05 09:00:00+04:00,38.19014642822676,102.77017886518195,4,9,95
2026-04-05 10:00:00+04:00,51.10602617177924,113.33865658732213,4,10,95
2026-04-05 11:00:00+04:00,62.67603459918973,130.85314088907938,4,11,95
2026-04-05 12:00:00+04:00,70.23689865655602,163.81854244637657,4,12,95
2026-04-05 13:00:00+04:00,68.86618684220974,207.26102333866882,4,13,95
2026-04-05 14:00:00+04:00,59.76126939919609,235.1432238205042,4,14,95
2026-04-05 15:00:00+04:00,47.679861138138456,250.12276632207107,4,15,95
2026-04-05 16:00:00+04:00,34.587052540805466,259.65892909898736,4,16,95
2026-04-05 17:00:00+04:00,21.134653954231823,266.9310640864668,4,17,95
2026-04-05 18:00:00+04:00,7.644280993041027,273.35297924295475,4,18,95
2026-04-06 07:00:00+04:00,11.486357067390166,88.21592285843451,4,7,96
2026-04-06 08:00:00+04:00,25.014219916736817,94.73160813066295,4,8,96
2026-04-06 09:00:00+04:00,38.42708531300584,102.38308386806511,4,9,96
2026-04-06 10:00:00+04:00,51.3725910188848,112.89453559466432,4,10,96
2026-04-06 11:00:00+04:00,62.998789821997526,130.3928796953818,4,11,96
2026-04-06 12:00:00+04:00,70.62096626417029,163.73652062313067,4,12,96
2026-04-06 13:00:00+04:00,69.17934536759569,207.88649363714677,4,13,96
2026-04-06 14:00:00+04:00,59.958138595016045,235.8019052382422,4,14,96
2026-04-06 15:00:00+04:00,47.81339319224847,250.65949033772142,4,15,96
2026-04-06 16:00:00+04:00,34.691008992746475,260.10913820814403,4,16,96
2026-04-06 17:00:00+04:00,21.227212880872955,267.3314197326116,4,17,96
2026-04-06 18:00:00+04:00,7.736342781030225,273.72946761228434,4,18,96
2026-04-07 07:00:00+04:00,11.705025963442862,87.89526208116911,4,7,97
2026-04-07 08:00:00+04:00,25.235639799122183,94.38608956927516,4,8,97
2026-04-07 09:00:00+04:00,38.66105046965401,101.99493398987738,4,9,97
2026-04-07 10:00:00+04:00,51.63565200837517,112.44682270391485,4,10,97
2026-04-07 11:00:00+04:00,63.318027970806085,129.9235903380462,4,11,97
2026-04-07 12:00:00+04:00,71.00298668027682,163.64978326718096,4,12,97
2026-04-07 13:00:00+04:00,69.48896820860436,208.52530728857582,4,13,97
2026-04-07 14:00:00+04:00,60.15126581690273,236.46430009920525,4,14,97
2026-04-07 15:00:00+04:00,47.944358314617865,251.19584307252603,4,15,97
2026-04-07 16:00:00+04:00,34.79341649756525,260.557928011801,4,16,97
2026-04-07 17:00:00+04:00,21.31899845145655,267.73003288886775,4,17,97
2026-04-07 18:00:00+04:00,7.828265507397339,274.1040052301498,4,18,97
2026-04-08 07:00:00+04:00,11.921651050858465,87.57540519137774,4,7,98
2026-04-08 08:00:00+04:00,25.454506393740918,94.04072841900836,4,8,98
2026-04-08 09:00:00+04:00,38.89191967424481,101.6058054646196,4,9,98
2026-04-08 10:00:00+04:00,51.895069903599854,111.99557832064778,4,10,98
2026-04-08 11:00:00+04:00,63.63357959104259,129.4451020813059,4,11,98
2026-04-08 12:00:00+04:00,71.38284318340799,163.55789047616634,4,12,98
2026-04-08 13:00:00+04:00,69.79495601080282,209.1774972846148,4,13,98
2026-04-08 14:00:00+04:00,60.34065211112933,237.13007463306798,4,14,98
2026-04-08 15:00:00+04:00,48.07280196990158,251.7315892138049,4,15,98
2026-04-08 16:00:00+04:00,34.89432773541906,261.00513252609926,4,16,98
2026-04-08 17:00:00+04:00,21.410058791146763,268.12676979078196,4,17,98
2026-04-08 18:00:00+04:00,7.920086606826451,274.4764713415531,4,18,98
2026-04-09 07:00:00+04:00,12.136112714589094,87.25640525940469,4,7,99
2026-04-09 08:00:00+04:00,25.670704624685577,93.695592982991,4,8,99
2026-04-09 09:00:00+04:00,39.11957368168685,101.21578198526856,4,9,99
2026-04-09 10:00:00+04:00,52.15070821148208,111.54087581476625,4,10,99
2026-04-09 11:00:00+04:00,63.945275355947075,128.9572597211121,4,11,99
2026-04-09 12:00:00+04:00,71.760417776449,163.46038160917874,4,12,99
2026-04-09 13:00:00+04:00,70.09721017340732,209.84308336705078,4,13,99
2026-04-09 14:00:00+04:00,60.52630162313926,237.7988868230779,4,14,99
2026-04-09 15:00:00+04:00,48.198770459755494,252.26649298747554,4,15,99
2026-04-09 16:00:00+04:00,34.99379459211692,261.4505860448684,4,16,99
2026-04-09 17:00:00+04:00,21.500440189204202,268.5214968051779,4,17,99
2026-04-09 18:00:00+04:00,8.011840986578006,274.8467452256423,4,18,99
2026-04-10 07:00:00+04:00,12.348294135973358,86.93831880844516,4,7,100
2026-04-10 08:00:00+04:00,25.884122405770945,93.35075638833803,4,8,100
2026-04-10 09:00:00+04:00,39.34389654592803,100.82495480202329,4,9,100
2026-04-10 10:00:00+04:00,52.402433586616105,111.08280196706846,4,10,100
2026-04-10 11:00:00+04:00,64.2529464752146,128.45992544330096,4,11,100
2026-04-10 12:00:00+04:00,72.13559125865667,163.35677462188778,4,12,100
2026-04-10 13:00:00+04:00,70.39563299391936,210.52207105691815,4,13,100
2026-04-10 14:00:00+04:00,60.70822151755278,238.47038698050153,4,14,100
2026-04-10 15:00:00+04:00,48.322310710581796,252.80031848964592,4,15,100
2026-04-10 16:00:00+04:00,35.091867930735546,261.89412333084067,4,16,100
2026-04-10 17:00:00+04:00,21.590186871843038,268.91408058999235,4,17,100
2026-04-10 18:00:00+04:00,8.103560797629436,275.21470636638037,4,18,100
2026-04-11 07:00:00+04:00,12.558081677733849,86.62120594098906,4,7,101
2026-04-11 08:00:00+04:00,26.09465107145419,93.00629672639957,4,8,101
2026-04-11 09:00:00+04:00,39.564776098060186,100.43342294550268,4,9,101
2026-04-11 10:00:00+04:00,52.65011638736761,110.62145759038566,4,10,101
2026-04-11 11:00:00+04:00,64.55642524064565,127.95298111216323,4,11,101
2026-04-11 12:00:00+04:00,72.50824331398915,163.24656604925758,4,12,101
2026-04-11 13:00:00+04:00,70.6901276949099,211.21445107647986,4,13,101
2026-04-11 14:00:00+04:00,60.88642171365682,239.1442185219302,4,14,101
2026-04-11 15:00:00+04:00,48.443469871337,253.33283010164865,4,15,101
2026-04-11 16:00:00+04:00,35.18859717415982,262.3355798618117,4,16,101
2026-04-11 17:00:00+04:00,21.679340591574487,269.3043882998259,4,17,101
2026-04-11 18:00:00+04:00,8.195275034409516,275.5802346666498,4,18,101
2026-04-12 07:00:00+04:00,12.765365393253056,86.30513054255789,4,7,102
2026-04-12 08:00:00+04:00,26.302185926180883,92.66229726670548,4,8,102
2026-04-12 09:00:00+04:00,39.78210454444308,100.04129353076297,4,9,102
2026-04-12 10:00:00+04:00,52.89363135202225,110.15695825924837,4,10,102
2026-04-12 11:00:00+04:00,64.85554569476015,127.436330898005,4,11,102
2026-04-12 12:00:00+04:00,72.8782526181373,163.1292315350696,4,12,102
2026-04-12 13:00:00+04:00,70.98059835986598,211.92019907430486,4,13,102
2026-04-12 14:00:00+04:00,61.06091448841101,239.82001888674017,4,14,102
2026-04-12 15:00:00+04:00,48.56229478471215,253.86379295963445,4,15,102
2026-04-12 16:00:00+04:00,35.28402977289095,262.77479211516334,4,16,102
2026-04-12 17:00:00+04:00,21.767940104725376,269.6922878311568,4,17,102
2026-04-12 18:00:00+04:00,8.287009029125807,275.9432107065082,4,18,102
2026-04-13 07:00:00+04:00,12.970039619255523,85.9901604658906,4,7,103
2026-04-13 08:00:00+04:00,26.506626879995785,92.31884663869391,4,8,103
2026-04-13 09:00:00+04:00,39.99577914822556,99.64868200597533,4,9,103
2026-04-13 10:00:00+04:00,53.132858363010094,109.6894349541405,4,10,103
2026-04-13 11:00:00+04:00,65.1501444142989,126.90990394029899,4,11,103
2026-04-13 12:00:00+04:00,73.24549702743185,163.00422665105475,4,12,103
2026-04-13 13:00:00+04:00,71.26694988907248,212.6392755574401,4,13,103
2026-04-13 14:00:00+04:00,61.231714062377215,240.49742062734856,4,14,103
2026-04-13 15:00:00+04:00,48.67883145527875,254.39297353081537,4,15,103
2026-04-13 16:00:00+04:00,35.378210673614824,263.21159795282426,4,16,103
2026-04-13 17:00:00+04:00,21.85602066210493,270.07764816378517,4,17,103
2026-04-13 18:00:00+04:00,8.378783967155512,276.3035161002887,4,18,103
2026-04-14 06:00:00+04:00,0.1754326150092103,79.47156835031268,4,6,104
2026-04-14 07:00:00+04:00,13.1720036044586,85.67636753002165,4,7,104
2026-04-14 08:00:00+04:00,26.707879115273983,91.97603879556482,4,8,104
2026-04-14 09:00:00+04:00,40.2057029493518,99.2557121275297,4,9,104
2026-04-14 10:00:00+04:00,53.36768327562627,109.21903433682246,4,10,104
2026-04-14 11:00:00+04:00,65.4400614276247,126.3736566395454,4,11,104
2026-04-14 12:00:00+04:00,73.6098539440511,162.87098753470718,4,12,104
2026-04-14 13:00:00+04:00,71.54908813233675,213.37162597163217,4,13,104
2026-04-14 14:00:00+04:00,61.3988363300237,241.17605274590267,4,14,104
2026-04-14 15:00:00+04:00,48.79312465591127,254.92014039844602,4,15,104
2026-04-14 16:00:00+04:00,35.47118193199952,263.64583719456306,4,16,104
2026-04-14 17:00:00+04:00,21.943613649207162,270.46033987914075,4,17,104
2026-04-14 18:00:00+04:00,8.470616565778583,276.6610340210852,4,18,104
2026-04-15 06:00:00+04:00,0.3523336847136891,79.17364953075611,4,6,105
2026-04-15 07:00:00+04:00,13.371162118555677,85.36382722908081,4,7,105
2026-04-15 08:00:00+04:00,26.905853727204274,91.63397265200797,4,8,105
2026-04-15 09:00:00+04:00,40.41178546091926,98.86251553528166,4,9,105
2026-04-15 10:00:00+04:00,53.597998745164325,108.74591848015757,4,10,105
2026-04-15 11:00:00+04:00,65.72514121428081,125.82757427274964,4,11,105
2026-04-15 12:00:00+04:00,73.97120087311845,162.7289310037836,4,12,105
2026-04-15 13:00:00+04:00,71.82692026038143,214.1171808308728,4,13,105
2026-04-15 14:00:00+04:00,61.56229880101898,241.85554225414262,4,14,105
2026-04-15 15:00:00+04:00,48.905217756778306,255.44506522527092,4,15,105
2026-04-15 16:00:00+04:00,35.562982551378006,264.0773523504722,4,16,105
2026-04-15 17:00:00+04:00,22.030746458226947,270.840235819339,4,17,105
2026-04-15 18:00:00+04:00,8.56251898452151,277.01564985266776,4,18,105
2026-04-16 06:00:00+04:00,0.5290695334581615,78.87744410236337,4,6,106
2026-04-16 07:00:00+04:00,13.56742591645296,85.0526182387851,4,7,106
2026-04-16 08:00:00+04:00,27.10046820599407,91.29275150075898,4,8,106
2026-04-16 09:00:00+04:00,40.61394320003379,98.4692310548877,4,9,106
2026-04-16 10:00:00+04:00,53.823704892439956,108.27026419766582,4,10,106
2026-04-16 11:00:00+04:00,66.00523360065668,125.27167203362785,4,11,106
2026-04-16 12:00:00+04:00,74.3294159755826,162.57745392438574,4,12,106
2026-04-16 13:00:00+04:00,72.10035525880348,214.87585541954786,4,13,106
2026-04-16 14:00:00+04:00,61.722120702924066,242.53551555275564,4,14,106
2026-04-16 15:00:00+04:00,49.015152741059794,255.96752358736336,4,15,106
2026-04-16 16:00:00+04:00,35.653648521831975,264.50598924607846,4,16,106
2026-04-16 17:00:00+04:00,22.117442566614283,271.21721164042526,4,17,106
2026-04-16 18:00:00+04:00,8.65449895074778,277.3672517201707,4,18,106
2026-04-17 06:00:00+04:00,0.7056141642772186,78.58301383446428,4,6,107
2026-04-17 07:00:00+04:00,13.760711844880325,84.74282198740548,4,7,107
2026-04-17 08:00:00+04:00,27.291646546134128,90.95248250721079,4,8,107
2026-04-17 09:00:00+04:00,40.812099828415704,98.07600407768746,4,9,107
2026-04-17 10:00:00+04:00,54.044709565104895,107.79226240187808,4,10,107
2026-04-17 11:00:00+04:00,66.2801942544196,124.70599595214071,4,11,107
2026-04-17 12:00:00+04:00,74.68437826392672,162.41593177206414,4,12,107
2026-04-17 13:00:00+04:00,72.3693043119878,215.64754823373187,4,13,107
2026-04-17 14:00:00+04:00,61.878323124884574,243.21559894816656,4,14,107
2026-04-17 15:00:00+04:00,49.12297034098082,256.487295154946,4,15,107
2026-04-17 16:00:00+04:00,35.74321300955529,264.9315971101837,4,16,107
2026-04-17 17:00:00+04:00,22.203721774186935,271.5911458794966,4,17,107
2026-04-17 18:00:00+04:00,8.746560031052118,277.7157305490429,4,18,107
2026-04-18 06:00:00+04:00,0.881812071424318,78.2904226701935,4,6,108
2026-04-18 07:00:00+04:00,13.950942403626689,84.43452253955348,4,7,108
2026-04-18 08:00:00+04:00,27.479318801358584,90.61327655286186,4,8,108
2026-04-18 09:00:00+04:00,41.00618572057926,97.68298632801833,4,9,108
2026-04-18 10:00:00+04:00,54.26092798656266,107.31211785006917,4,10,108
2026-04-18 11:00:00+04:00,66.54988453742159,124.13062407450082,4,11,108
2026-04-18 12:00:00+04:00,75.03596717569928,162.24371624213904,4,12,108
2026-04-18 13:00:00+04:00,72.63368095943738,216.43213734569457,4,13,108
2026-04-18 14:00:00+04:00,62.030929175422365,243.8954177854701,4,14,108
2026-04-18 15:00:00+04:00,49.22871029423015,257.0041628696728,4,15,108
2026-04-18 16:00:00+04:00,35.831706704626114,265.354027858147,4,16,108
2026-04-18 17:00:00+04:00,22.289600606017686,271.96191931389683,4,17,108
2026-04-18 18:00:00+04:00,8.838702059587416,278.0609794521785,4,18,108
2026-04-19 06:00:00+04:00,1.0574390377253906,77.99973687191891,4,6,109
2026-04-19 07:00:00+04:00,14.138044710759415,84.12780675080148,4,7,109
2026-04-19 08:00:00+04:00,27.663420046359594,90.27524837435249,4,8,109
2026-04-19 09:00:00+04:00,41.19613693509287,97.29033594845237,4,9,109
2026-04-19 10:00:00+04:00,54.47228180018314,106.83004919419523,4,10,109
2026-04-19 11:00:00+04:00,66.8141707511471,123.54566777134812,4,11,109
2026-04-19 12:00:00+04:00,75.38406160892052,162.0601314855578,4,12,109
2026-04-19 13:00:00+04:00,72.89340121546047,217.2294745167843,4,13,109
2026-04-19 14:00:00+04:00,62.17996432318674,244.57459435221728,4,14,109
2026-04-19 15:00:00+04:00,49.33241185514727,257.51791131203333,4,15,109
2026-04-19 16:00:00+04:00,35.919158447273645,265.7731347579245,4,16,109
2026-04-19 17:00:00+04:00,22.375092998707615,272.3294137946546,4,17,109
2026-04-19 18:00:00+04:00,8.93092183766246,278.40289263177806,4,18,109
2026-04-20 06:00:00+04:00,1.2322396888323504,77.7110250608406,4,6,110
2026-04-20 07:00:00+04:00,14.321949063655163,83.82276431626087,4,7,110
2026-04-20 08:00:00+04:00,27.84388894485291,89.93851657900495,4,8,110
2026-04-20 09:00:00+04:00,41.38189380715368,96.8982174128239,4,9,110
2026-04-20 10:00:00+04:00,54.67869775725614,106.3462887251876,4,10,110
2026-04-20 11:00:00+04:00,67.07292310167108,122.95127241134117,4,11,110
2026-04-20 12:00:00+04:00,75.7285388861267,161.86446848532557,4,12,110
2026-04-20 13:00:00+04:00,73.14838407732549,218.03937797132028,4,13,110
2026-04-20 14:00:00+04:00,62.32545717615518,245.25274552190575,4,14,110
2026-04-20 15:00:00+04:00,49.43411475057463,258.02832500983203,4,15,110
2026-04-20 16:00:00+04:00,36.00559628937915,266.18877110341305,4,16,110
2026-04-20 17:00:00+04:00,22.46021140784836,272.69351111366524,4,17,110
2026-04-20 18:00:00+04:00,9.023214247752788,278.74136432319904,4,18,110
2026-04-21 06:00:00+04:00,1.4059496151917514,77.42435770037116,4,6,111
2026-04-21 07:00:00+04:00,14.502587457438358,83.51948724417969,4,7,111
2026-04-21 08:00:00+04:00,28.020666282272035,89.6032030249396,4,8,111
2026-04-21 09:00:00+04:00,41.56339952648093,96.5068006806631,4,9,111
2026-04-21 10:00:00+04:00,54.88010644316269,105.86108111098918,4,10,111
2026-04-21 11:00:00+04:00,67.32601484469333,122.34761657217041,4,11,111
2026-04-21 12:00:00+04:00,76.0692742041216,161.65597733551726,4,12,111
2026-04-21 13:00:00+04:00,73.39855278740596,218.86162543642703,4,13,111
2026-04-21 14:00:00+04:00,62.467440837072694,245.92948137412688,4,14,111
2026-04-21 15:00:00+04:00,49.53386061751428,258.5351875779017,4,15,111
2026-04-21 16:00:00+04:00,36.09104899552864,266.6007895944475,4,16,111
2026-04-21 17:00:00+04:00,22.5449683470667,273.05409249645373,4,17,111
2026-04-21 18:00:00+04:00,9.115573798509788,279.07628832216125,4,18,111
2026-04-22 06:00:00+04:00,1.5783078238680461,77.13980584813874,4,6,112
2026-04-22 07:00:00+04:00,14.679892407385836,83.21806856637261,4,7,112
2026-04-22 08:00:00+04:00,28.19369379805262,89.26943136991872,4,8,112
2026-04-22 09:00:00+04:00,41.74059903460447,96.11625939128714,4,9,112
2026-04-22 10:00:00+04:00,55.076441367608275,105.37468092042991,4,10,112
2026-04-22 11:00:00+04:00,67.57332192694079,121.73490962309899,4,11,112
2026-04-22 12:00:00+04:00,76.40614083648916,161.43385793474476,4,12,112
2026-04-22 13:00:00+04:00,73.64383682242855,219.695948963962,4,13,112
2026-04-22 14:00:00+04:00,62.605954650402914,246.60440554876226,4,14,112
2026-04-22 15:00:00+04:00,49.63169470870054,259.03828211922604,4,15,112
2026-04-22 16:00:00+04:00,36.17554775896208,267.0090427206275,4,16,112
2026-04-22 17:00:00+04:00,22.6293781175512,273.41103895914495,4,17,112
2026-04-22 18:00:00+04:00,9.207996363789016,279.40755830028337,4,18,112
2026-04-23 06:00:00+04:00,1.7490633986008888,76.85743945159356,4,6,113
2026-04-23 07:00:00+04:00,14.853796269062071,82.91860058102088,4,7,113
2026-04-23 08:00:00+04:00,28.36291350058401,88.93732512199585,4,8,113
2026-04-23 09:00:00+04:00,41.91343838864267,95.72676849760887,4,9,113
2026-04-23 10:00:00+04:00,55.267638523817084,104.8873494745605,4,10,113
2026-04-23 11:00:00+04:00,67.81472313569923,121.11338848594937,4,11,113
2026-04-23 12:00:00+04:00,76.73901088680995,161.19725035743454,4,12,113
2026-04-23 13:00:00+04:00,73.88417414138766,220.54203216521935,4,13,113
2026-04-23 14:00:00+04:00,62.741045875037095,247.27711716110403,4,14,113
2026-04-23 15:00:00+04:00,49.72766743331679,259.5373926158424,4,15,113
2026-04-23 16:00:00+04:00,36.259127717441984,267.41338387864045,4,16,113
2026-04-23 17:00:00+04:00,22.71345832753561,273.7642322670675,4,17,113
2026-04-23 18:00:00+04:00,9.300480715643673,279.73506865519767,4,18,113
2026-04-24 06:00:00+04:00,1.9179787862040065,76.57732577458341,4,6,114
2026-04-24 07:00:00+04:00,15.024231030956702,82.62117323175625,4,7,114
2026-04-24 08:00:00+04:00,28.528267439798363,88.60700585497995,4,8,114
2026-04-24 09:00:00+04:00,42.08186456369033,95.33850212812808,4,9,114
2026-04-24 10:00:00+04:00,55.453636339133226,104.39935203879094,4,10,114
2026-04-24 11:00:00+04:00,68.05010055399288,120.48331499209189,4,11,114
2026-04-24 12:00:00+04:00,77.06775608955938,160.9452264183592,4,12,114
2026-04-24 13:00:00+04:00,74.1195130530388,221.39950945371237,4,13,114
2026-04-24 14:00:00+04:00,62.87277078332528,247.94721339422907,4,14,114
2026-04-24 15:00:00+04:00,49.82183530190638,260.03230558150796,4,15,114
2026-04-24 16:00:00+04:00,36.34182887018492,267.8136686161223,4,16,114
2026-04-24 17:00:00+04:00,22.79723081349525,274.113555964126,4,17,114
2026-04-24 18:00:00+04:00,9.393029461842358,280.0587154097261,4,18,114
2026-04-25 06:00:00+04:00,2.0848311332480667,76.29952848637026,4,6,115
2026-04-25 07:00:00+04:00,15.19112844978584,82.32587316678848,4,7,115
2026-04-25 08:00:00+04:00,28.68969781735809,88.2785921743282,4,8,115
2026-04-25 09:00:00+04:00,42.24582556172868,94.95163234606048,4,9,115
2026-04-25 10:00:00+04:00,55.63437585920204,103.91095619517455,4,10,115
2026-04-25 11:00:00+04:00,68.27934008522611,119.84497498797424,4,11,115
2026-04-25 12:00:00+04:00,77.39224821894071,160.67678364361666,4,12,115
2026-04-25 13:00:00+04:00,74.34981324855086,222.2679664526514,4,13,115
2026-04-25 14:00:00+04:00,63.00119489529431,248.61429185849755,4,14,115
2026-04-25 15:00:00+04:00,49.914261065530944,260.5228113058932,4,15,115
2026-04-25 16:00:00+04:00,36.423696212771226,268.20975548121123,4,16,115
2026-04-25 17:00:00+04:00,22.880721780515707,274.45889604180616,4,17,115
2026-04-25 18:00:00+04:00,9.485649204291946,280.37839677991974,4,18,115
2026-04-26 06:00:00+04:00,2.249412512211134,76.02410760075708,4,6,116
2026-04-26 07:00:00+04:00,15.354420403931485,82.03278366653564,4,7,116
2026-04-26 08:00:00+04:00,28.847147321991816,87.95219962610707,4,8,116
2026-04-26 09:00:00+04:00,42.4052707243976,94.56632901405322,4,9,116
2026-04-26 10:00:00+04:00,55.8098010703191,103.42243164173385,4,10,116
2026-04-26 11:00:00+04:00,68.5023319524052,119.19867952738025,4,11,116
2026-04-26 12:00:00+04:00,77.71235896462603,160.39084203084917,4,12,116
2026-04-26 13:00:00+04:00,74.57504593674129,223.14694085027017,4,13,116
2026-04-26 14:00:00+04:00,63.126392386960575,249.27795226261748,4,14,116
2026-04-26 15:00:00+04:00,50.005013099037235,261.0087044469767,4,15,116
2026-04-26 16:00:00+04:00,36.504779148274956,268.6015063206047,4,16,116
2026-04-26 17:00:00+04:00,22.963961238546702,274.80014112926716,4,17,116
2026-04-26 18:00:00+04:00,9.578349996438318,280.69401332029753,4,18,116
2026-04-27 06:00:00+04:00,2.4115295780996817,75.75112011164543,4,6,117
2026-04-27 07:00:00+04:00,15.514039390812936,81.74198526838364,4,7,117
2026-04-27 08:00:00+04:00,29.00055962175296,87.6279413527551,4,8,117
2026-04-27 09:00:00+04:00,42.5601512028703,94.18276052673389,4,9,117
2026-04-27 10:00:00+04:00,55.97985934006499,102.93405110062861,4,10,117
2026-04-27 11:00:00+04:00,68.7189712109886,118.54476770162421,4,11,117
2026-04-27 12:00:00+04:00,78.02795941278596,160.08624334121566,4,12,117
2026-04-27 13:00:00+04:00,74.79519330822409,224.03592343520322,4,13,117
2026-04-27 14:00:00+04:00,63.24844491544809,249.93779745096344,4,14,117
2026-04-27 15:00:00+04:00,50.0941642671501,261.4897840976532,4,15,117
2026-04-27 16:00:00+04:00,36.58513040637212,268.9887861621344,4,16,117
2026-04-27 17:00:00+04:00,23.046981950338168,275.1371823450931,4,17,117
2026-04-27 18:00:00+04:00,9.671144316499728,281.00546778376224,4,18,117
2026-04-28 06:00:00+04:00,2.5710029824178817,75.48062102102085,4,6,118
2026-04-28 07:00:00+04:00,15.669919138180214,81.45355678290571,4,7,118
2026-04-28 08:00:00+04:00,29.149879982263148,87.30592916113949,4,8,118
2026-04-28 09:00:00+04:00,42.71042054791894,93.80109500844867,4,9,118
2026-04-28 10:00:00+04:00,56.14450196604512,102.44609181241287,4,10,118
2026-04-28 11:00:00+04:00,68.9291583342967,117.8836103488855,4,11,118
2026-04-28 12:00:00+04:00,78.33891934689733,159.76175237793848,4,12,118
2026-04-28 13:00:00+04:00,75.01024762425659,224.93435926120478,4,13,118
2026-04-28 14:00:00+04:00,63.36744013877717,250.59343403261022,4,14,118
2026-04-28 15:00:00+04:00,50.181790527138524,261.96585355962105,4,15,118
2026-04-28 16:00:00+04:00,36.664804712923825,269.3714628870449,4,16,118
2026-04-28 17:00:00+04:00,23.129818138241436,275.4699129883857,4,17,118
2026-04-28 18:00:00+04:00,9.764045803094008,281.3126648562482,4,18,118
2026-04-29 06:00:00+04:00,2.7276667143377082,75.21266451502231,4,6,119
2026-04-29 07:00:00+04:00,15.821995266213383,81.16757645212385,4,7,119
2026-04-29 08:00:00+04:00,29.295055943315408,86.98627473522424,4,8,119
2026-04-29 09:00:00+04:00,42.856035370230686,93.42150167243392,4,9,119
2026-04-29 10:00:00+04:00,56.303684797920006,101.95883722151069,4,10,119
2026-04-29 11:00:00+04:00,69.1327998827051,117.21561403858652,4,11,119
2026-04-29 12:00:00+04:00,78.64510649792666,159.41605969495527,4,12,119
2026-04-29 13:00:00+04:00,75.22021015586107,225.84164878489034,4,13,119
2026-04-29 14:00:00+04:00,63.48347015087707,251.2444727083263,4,14,119
2026-04-29 15:00:00+04:00,50.26796946536383,262.43671995160975,4,15,119
2026-04-29 16:00:00+04:00,36.74385739987938,269.749406800492,4,16,119
2026-04-29 17:00:00+04:00,23.212504136148315,275.79822816034357,4,17,119
2026-04-29 18:00:00+04:00,9.85706793748264,281.6155108424996,4,18,119
2026-04-30 06:00:00+04:00,2.8813674160254776,74.94730514246089,4,6,120
2026-04-30 07:00:00+04:00,15.970205917084698,80.88412310588586,4,7,120
2026-04-30 08:00:00+04:00,29.43603796696816,86.66909084019949,4,8,120
2026-04-30 09:00:00+04:00,42.99695597642939,93.0441521576916,4,9,120
2026-04-30 10:00:00+04:00,56.45736884565965,101.47257860462844,4,10,120
2026-04-30 11:00:00+04:00,69.32980919628659,116.54122489229252,4,11,120
2026-04-30 12:00:00+04:00,78.94638579306007,159.04778531659258,4,12,120
2026-04-30 13:00:00+04:00,75.42509011717844,226.75714875587732,4,13,120
2026-04-30 14:00:00+04:00,63.59662998204363,251.89052830913607,4,14,120
2026-04-30 15:00:00+04:00,50.35277892603182,262.9021936816455,4,15,120
2026-04-30 16:00:00+04:00,36.82234311046094,270.1224901282838,4,16,120
2026-04-30 17:00:00+04:00,23.295073131881487,276.12202434141847,4,17,120
2026-04-30 18:00:00+04:00,9.95022281608885,281.9139133201386,4,18,120
2026-05-01 06:00:00+04:00,3.0319636555847045,74.68459887672907,5,6,121
2026-05-01 07:00:00+04:00,16.114492271992873,80.60327720052936,5,7,121
2026-05-01 08:00:00+04:00,29.57277997453033,86.3544923924353,5,8,121
2026-05-01 09:00:00+04:00,43.1331468981834,92.6692216928871,5,9,121
2026-05-01 10:00:00+04:00,56.60552079667384,100.98761643298218,5,10,121
2026-05-01 11:00:00+04:00,69.52010705328597,115.86093184618926,5,11,121
2026-05-01 12:00:00+04:00,79.24261864212696,158.6554829511358,5,12,121
2026-05-01 13:00:00+04:00,75.6249037396435,227.68017268043448,5,13,121
2026-05-01 14:00:00+04:00,63.70701631282695,252.53121959092056,5,14,121
2026-05-01 15:00:00+04:00,50.43629585880543,263.36208784972143,5,15,121
2026-05-01 16:00:00+04:00,36.90031472398569,270.49058649566973,5,16,121
2026-05-01 17:00:00+04:00,23.377556138145664,276.4411989643321,5,17,121
2026-05-01 18:00:00+04:00,10.043520151293258,282.20778079436616,5,18,121
2026-05-02 06:00:00+04:00,3.1793251554970854,74.4246039380335,5,6,122
2026-05-02 07:00:00+04:00,16.254798903509887,80.32512160766663,5,7,122
2026-05-02 08:00:00+04:00,29.70523971682643,86.04259725141543,5,8,122
2026-05-02 09:00:00+04:00,43.26457726684286,92.29688992100421,5,9,122
2026-05-02 10:00:00+04:00,56.74811339784946,100.50426124243535,5,10,122
2026-05-02 11:00:00+04:00,69.70362226637025,115.1752689413994,5,11,122
2026-05-02 12:00:00+04:00,79.53366233195452,158.23764422825025,5,12,122
2026-05-02 13:00:00+04:00,75.81967362242963,228.60999093269945,5,13,122
2026-05-02 14:00:00+04:00,63.81472651429825,253.16616894825964,5,14,122
2026-05-02 15:00:00+04:00,50.518595496279616,263.8162176996766,5,15,122
2026-05-02 16:00:00+04:00,36.97782260728508,270.85357048079567,5,16,122
2026-05-02 17:00:00+04:00,23.459981283742945,276.75565006504644,5,17,122
2026-05-02 18:00:00+04:00,10.136966592724281,282.49702242368346,5,18,122
2026-05-03 06:00:00+04:00,3.3233319807371853,74.1673812832804,5,6,123
2026-05-03 07:00:00+04:00,16.39107396717858,80.04974206685876,5,7,123
2026-05-03 08:00:00+04:00,29.833378978397974,85.73352664249268,5,8,123
2026-05-03 09:00:00+04:00,43.39122101722587,91.92734127313668,5,9,123
2026-05-03 10:00:00+04:00,56.88512568529035,100.02283386614312,5,10,123
2026-05-03 11:00:00+04:00,69.8802922017036,114.48481636539941,5,11,123
2026-05-03 12:00:00+04:00,79.81936958082919,157.79270273719044,5,12,123
2026-05-03 13:00:00+04:00,76.00942842248828,229.54583073121506,5,13,123
2026-05-03 14:00:00+04:00,63.91985805389816,253.79500220654631,5,14,123
2026-05-03 15:00:00+04:00,50.59975088734484,264.26440022237296,5,15,123
2026-05-03 16:00:00+04:00,37.054914215216336,271.211317314267,5,16,123
2026-05-03 17:00:00+04:00,23.542373453513427,277.06527606264973,5,17,123
2026-05-03 18:00:00+04:00,10.230565396027355,282.7815478571432,5,18,123
2026-05-04 06:00:00+04:00,3.4638737133567563,73.91299477889675,5,6,124
2026-05-04 07:00:00+04:00,16.52326925217977,79.77722731757905,5,7,124
2026-05-04 08:00:00+04:00,29.957163633935917,85.42740523211262,5,8,124
2026-05-04 09:00:00+04:00,43.51305695089151,91.56076493132355,5,9,124
2026-05-04 10:00:00+04:00,57.016543085377776,99.54366509106342,5,10,124
2026-05-04 11:00:00+04:00,70.05006322482082,113.79020031034895,5,11,124
2026-05-04 12:00:00+04:00,80.09958823880787,157.31903807742583,5,12,124
2026-05-04 13:00:00+04:00,76.19420283687053,230.48687615441943,5,13,124
2026-05-04 14:00:00+04:00,64.02250819784499,254.4173485422677,5,14,124
2026-05-04 15:00:00+04:00,50.67983271493853,264.70645391651203,5,15,124
2026-05-04 16:00:00+04:00,37.131633966797644,271.5637027175506,5,16,124
2026-05-04 17:00:00+04:00,23.624754201723295,277.36997565595016,5,17,124
2026-05-04 18:00:00+04:00,10.324316361862673,283.0612671691638,5,18,124
2026-05-05 06:00:00+04:00,3.600848651863829,73.66151116403148,5,6,125
2026-05-05 07:00:00+04:00,16.651340144650923,79.50766902277303,5,7,125
2026-05-05 08:00:00+04:00,30.076563613054986,85.12436098056287,5,8,125
2026-05-05 09:00:00+04:00,43.63006870509094,91.19735452775916,5,9,125
2026-05-05 10:00:00+04:00,57.14235742512717,99.06709493997198,5,10,125
2026-05-05 11:00:00+04:00,70.21289108177137,113.0920919437126,5,11,125
2026-05-05 12:00:00+04:00,80.3741610897198,156.81498068855558,5,12,125
2026-05-05 13:00:00+04:00,76.3740377379869,231.43226838016318,5,13,125
2026-05-05 14:00:00+04:00,64.12277388142402,255.03284049452017,5,14,125
2026-05-05 15:00:00+04:00,50.758909272233105,265.1421986530837,5,15,125
2026-05-05 16:00:00+04:00,37.20802327181515,271.910602829408,5,16,125
2026-05-05 17:00:00+04:00,23.707141804217947,277.66964779557657,5,17,125
2026-05-05 18:00:00+04:00,10.418215909530907,283.3360908573229,5,18,125
2026-05-06 06:00:00+04:00,3.7341631013187384,73.41299992540723,5,6,126
2026-05-06 07:00:00+04:00,16.775245586430618,79.24116160404662,5,7,126
2026-05-06 08:00:00+04:00,30.19155285985743,84.82452490014037,5,8,126
2026-05-06 09:00:00+04:00,43.74224471359911,90.83730773047205,5,9,126
2026-05-06 10:00:00+04:00,57.2625669321962,98.59347178201102,5,10,126
2026-05-06 11:00:00+04:00,70.36874127015275,112.39120581437976,5,11,126
2026-05-06 12:00:00+04:00,80.64292573859989,156.27881839848988,5,12,126
2026-05-06 13:00:00+04:00,76.54898033127952,232.3811063616905,5,13,126
2026-05-06 14:00:00+04:00,64.22075159934525,255.64111409095153,5,14,126
2026-05-06 15:00:00+04:00,50.83704645150875,265.571455637685,5,15,126
2026-05-06 16:00:00+04:00,37.28412056389417,272.2518942134865,5,16,126
2026-05-06 17:00:00+04:00,23.789551322392054,277.9641917231342,5,17,126
2026-05-06 18:00:00+04:00,10.512257159955686,283.605929902002,5,18,126
2026-05-07 06:00:00+04:00,3.8637308276368842,73.16753315224548,5,6,127
2026-05-07 07:00:00+04:00,16.8949481198674,78.97780205312426,5,7,127
2026-05-07 08:00:00+04:00,30.302109377309463,84.52803078316356,5,8,127
2026-05-07 09:00:00+04:00,43.84957825988882,90.48082579348409,5,9,127
2026-05-07 10:00:00+04:00,57.3771763194264,98.12315137733037,5,10,127
2026-05-07 11:00:00+04:00,70.51758948158964,111.68829788146678,5,11,127
2026-05-07 12:00:00+04:00,80.90571462266436,155.70880567895586,5,12,127
2026-05-07 13:00:00+04:00,76.71908423352619,233.33244825776092,5,13,127
2026-05-07 14:00:00+04:00,64.31653721616865,256.24180916012534,5,14,127
2026-05-07 15:00:00+04:00,50.9143076443874,265.99404750985354,5,15,127
2026-05-07 16:00:00+04:00,37.359961243269765,272.587453976398,5,16,127
2026-05-07 17:00:00+04:00,23.871994567636982,278.253507113003,5,17,127
2026-05-07 18:00:00+04:00,10.606429923575785,283.8706959252552,5,18,127
2026-05-08 06:00:00+04:00,3.989472755148093,72.9251854211164,5,6,128
2026-05-08 07:00:00+04:00,17.010414103533275,78.71768976263252,5,7,128
2026-05-08 08:00:00+04:00,30.408215447031864,84.23501494557036,5,8,128
2026-05-08 09:00:00+04:00,43.952067690906674,90.12811311370206,5,9,128
2026-05-08 10:00:00+04:00,57.48619702481407,97.65649591911665,5,10,128
2026-05-08 11:00:00+04:00,70.65942216931417,110.98416327222321,5,11,128
2026-05-08 12:00:00+04:00,81.16235518751294,155.10317660769738,5,12,128
2026-05-08 13:00:00+04:00,76.88440938909767,234.28531380773063,5,13,128
2026-05-08 14:00:00+04:00,64.4102256099854,256.8345698669485,5,14,128
2026-05-08 15:00:00+04:00,50.990753475295534,266.4097985905081,5,15,128
2026-05-08 16:00:00+04:00,37.43557744760097,272.9171600060804,5,16,128
2026-05-08 17:00:00+04:00,23.95447990186186,278.53749431998045,5,17,128
2026-05-08 18:00:00+04:00,10.700720524843812,284.13030145609775,5,18,128
2026-05-09 06:00:00+04:00,4.11131690466476,72.68603375786557,5,6,129
2026-05-09 07:00:00+04:00,17.121614112315374,78.46092642813784,5,7,129
2026-05-09 08:00:00+04:00,30.509858029166015,83.94561603901008,5,8,129
2026-05-09 09:00:00+04:00,44.04971681732798,89.77937686785805,5,9,129
2026-05-09 10:00:00+04:00,57.58964762111752,97.1938731658264,5,10,129
2026-05-09 11:00:00+04:00,70.79423725057119,110.27963392450579,5,11,129
2026-05-09 12:00:00+04:00,81.4126702161094,154.4601623269126,5,12,129
2026-05-09 13:00:00+04:00,77.04502175948599,235.2386875109607,5,13,129
2026-05-09 14:00:00+04:00,64.50191010943662,257.41904535501027,5,14,129
2026-05-09 15:00:00+04:00,51.066441327006736,266.8185352010627,5,15,129
2026-05-09 16:00:00+04:00,37.51099762123668,273.24089126647374,5,16,129
2026-05-09 17:00:00+04:00,24.037011837635898,278.81605468150656,5,17,129
2026-05-09 18:00:00+04:00,10.795111435542092,284.3846602523501,5,18,129
2026-05-10 06:00:00+04:00,4.229198537976341,72.45015771910255,5,6,130
2026-05-10 07:00:00+04:00,17.228523489637674,78.20761606148795,5,7,130
2026-05-10 08:00:00+04:00,30.6070293167295,83.65997497585221,5,8,130
2026-05-10 09:00:00+04:00,44.14253545999246,89.43482677113548,5,9,130
2026-05-10 10:00:00+04:00,57.687554359793644,96.73565571502434,5,10,130
2026-05-10 11:00:00+04:00,70.92204489773681,109.57557615935173,5,11,130
2026-05-10 12:00:00+04:00,81.65647830590417,153.77801368428868,5,12,130
2026-05-10 13:00:00+04:00,77.20099276833048,236.19152235533016,5,13,130
2026-05-10 14:00:00+04:00,64.59168174122603,257.99489037049807,5,14,130
2026-05-10 15:00:00+04:00,51.14142468880721,267.2200859772023,5,15,130
2026-05-10 16:00:00+04:00,37.58624591095314,273.5585280964934,5,16,130
2026-05-10 17:00:00+04:00,24.11959046598038,279.0890908338444,5,17,130
2026-05-10 18:00:00+04:00,10.889580740548151,284.6336876464402,5,18,130
2026-05-11 06:00:00+04:00,4.343060457896596,72.2176395318296,5,6,131
2026-05-11 07:00:00+04:00,17.331123006646504,77.95786504891902,5,7,131
2026-05-11 08:00:00+04:00,30.6997273952071,83.3782348871876,5,8,131
2026-05-11 09:00:00+04:00,44.23054009551382,89.09467485519116,5,9,131
2026-05-11 10:00:00+04:00,57.779951803061856,96.28222026760255,5,10,131
2026-05-11 11:00:00+04:00,71.04286838522385,108.87288790995507,5,11,131
2026-05-11 12:00:00+04:00,81.89359456208868,153.05502900610804,5,12,131
2026-05-11 13:00:00+04:00,77.3523986063728,237.1427440363482,5,13,131
2026-05-11 14:00:00+04:00,64.67962838570514,258.5617659571616,5,14,131
2026-05-11 15:00:00+04:00,51.21575242214583,267.6142822630951,5,15,131
2026-05-11 16:00:00+04:00,37.66134148818214,273.86995258850186,5,16,131
2026-05-11 17:00:00+04:00,24.202210829003096,279.3565071058392,5,17,131
2026-05-11 18:00:00+04:00,10.984101560560504,284.8773009727184,5,18,131
2026-05-12 06:00:00+04:00,4.45285343467342,71.98856410565554,5,6,132
2026-05-12 07:00:00+04:00,17.42939959450572,77.71178205792955,5,7,132
2026-05-12 08:00:00+04:00,30.787956966545064,83.10054089398989,5,8,132
2026-05-12 09:00:00+04:00,44.31375456500238,88.75913500216632,5,9,132
2026-05-12 10:00:00+04:00,57.86688351168192,95.83394652290315,5,10,132
2026-05-12 11:00:00+04:00,71.15674497584108,108.17249499943694,5,11,132
2026-05-12 12:00:00+04:00,82.12383166144657,152.2895863557369,5,12,132
2026-05-12 13:00:00+04:00,77.49931956768673,238.09125601998073,5,13,132
2026-05-12 14:00:00+04:00,64.76583399567312,259.11934052118966,5,14,132
2026-05-12 15:00:00+04:00,51.28946809359583,268.0009588058585,5,15,132
2026-05-12 16:00:00+04:00,37.736297948700646,274.17504922070435,5,16,132
2026-05-12 17:00:00+04:00,24.28486237851757,279.6182101425349,5,17,132
2026-05-12 18:00:00+04:00,11.078641579602806,285.11542021001,5,18,132
2026-05-13 06:00:00+04:00,4.558536741630817,71.76301874763215,5,6,133
2026-05-13 07:00:00+04:00,17.523347125248698,77.46947762093976,5,7,133
2026-05-13 08:00:00+04:00,30.871730103087472,82.8270395076513,5,8,133
2026-05-13 09:00:00+04:00,44.392210789634746,88.42842201580277,5,9,133
2026-05-13 10:00:00+04:00,57.94840272906406,95.39121541993734,5,10,133
2026-05-13 11:00:00+04:00,71.26372679917203,107.47534600750379,5,11,133
2026-05-13 12:00:00+04:00,82.3470013750311,151.480179443042,5,12,133
2026-05-13 13:00:00+04:00,77.6418395315092,239.03594568427962,5,13,133
2026-05-13 14:00:00+04:00,64.85037798167905,259.6672914336494,5,14,133
2026-05-13 15:00:00+04:00,51.362609475253244,268.3799548538581,5,15,133
2026-05-13 16:00:00+04:00,37.811122889526914,274.4737058112526,5,16,133
2026-05-13 17:00:00+04:00,24.36752862865433,279.8741097992219,5,17,133
2026-05-13 18:00:00+04:00,11.1731627833264,285.3479688609539,5,18,133
2026-05-14 06:00:00+04:00,4.660078685575412,71.54109260954255,5,6,134
2026-05-14 07:00:00+04:00,17.612967125076224,77.2310634462151,5,7,134
2026-05-14 08:00:00+04:00,30.95106691091404,82.55787773580039,5,8,134
2026-05-14 09:00:00+04:00,44.46594938153466,88.10275034883279,5,9,134
2026-05-14 10:00:00+04:00,58.024572939535645,94.95440690740764,5,10,134
2026-05-14 11:00:00+04:00,71.36388155575905,106.78240600522071,5,11,134
2026-05-14 12:00:00+04:00,82.56291638792177,150.6254568116259,5,12,134
2026-05-14 13:00:00+04:00,77.78004555075412,239.97569080610623,5,13,134
2026-05-14 14:00:00+04:00,64.93333476632252,260.20530675375466,5,14,134
2026-05-14 15:00:00+04:00,51.43520822479082,268.7511153448701,5,15,134
2026-05-14 16:00:00+04:00,37.8858176725443,274.76581452511556,5,16,134
2026-05-14 17:00:00+04:00,24.450187002386524,280.1241200559248,5,17,134
2026-05-14 18:00:00+04:00,11.267621392923116,285.57487482166346,5,18,134
2026-05-15 06:00:00+04:00,4.757456892017033,71.32287616241558,5,6,135
2026-05-15 07:00:00+04:00,17.69826919298691,76.99665178934458,5,7,135
2026-05-15 08:00:00+04:00,31.02599588402016,82.29320228646787,5,8,135
2026-05-15 09:00:00+04:00,44.53501992569573,87.78233297683664,5,9,135
2026-05-15 10:00:00+04:00,58.095468066551774,94.52389792189882,5,10,135
2026-05-15 11:00:00+04:00,71.45729277756676,106.09465028568144,5,11,135
2026-05-15 12:00:00+04:00,82.77139201085014,149.7242647657945,5,12,135
2026-05-15 13:00:00+04:00,77.91402739752566,240.90936450917866,5,13,135
2026-05-15 14:00:00+04:00,65.01477347375707,260.73308605371165,5,14,135
2026-05-15 15:00:00+04:00,51.507289729414005,269.114291472892,5,15,135
2026-05-15 16:00:00+04:00,37.960377354428715,275.0512723616938,5,16,135
2026-05-15 17:00:00+04:00,24.53280882671385,280.36815945335076,5,17,135
2026-05-15 18:00:00+04:00,11.361967924149134,285.79607077602844,5,18,135
2026-05-16 06:00:00+04:00,4.8506580370276104,71.10846104477707,5,6,136
2026-05-16 07:00:00+04:00,17.779270839607754,76.76635526624563,5,7,136
2026-05-16 08:00:00+04:00,31.096553682768796,82.03315930715326,5,8,136
2026-05-16 09:00:00+04:00,44.599480678694796,87.4673809520931,5,9,136
2026-05-16 10:00:00+04:00,58.161172058664356,94.10006129814434,5,10,136
2026-05-16 11:00:00+04:00,71.54405935421825,105.41305927661034,5,11,136
2026-05-16 12:00:00+04:00,82.9722473703736,148.7756943769105,5,12,136
2026-05-16 13:00:00+04:00,78.04387703236388,241.835836512931,5,13,136
2026-05-16 14:00:00+04:00,65.094757789271,261.25033937922467,5,14,136
2026-05-16 15:00:00+04:00,51.57887315822377,269.4693399962297,5,15,136
2026-05-16 16:00:00+04:00,38.03479082113975,275.32998063123296,5,16,136
2026-05-16 17:00:00+04:00,24.615359515704863,280.6061506281096,5,17,136
2026-05-16 18:00:00+04:00,11.456147391239373,286.0114937326839,5,18,136
2026-05-17 06:00:00+04:00,4.9396768162589275,70.89794034612078,5,6,137
2026-05-17 07:00:00+04:00,17.855996552994732,76.54028717321484,5,7,137
2026-05-17 08:00:00+04:00,31.162784157313315,81.77789472824452,5,8,137
2026-05-17 09:00:00+04:00,44.659397527452626,87.15810371733994,5,9,137
2026-05-17 10:00:00+04:00,58.22177772268567,93.68326571189738,5,10,137
2026-05-17 11:00:00+04:00,71.62429420621292,104.7386148560193,5,11,137
2026-05-17 12:00:00+04:00,83.16530600078566,147.77913173826744,5,12,137
2026-05-17 13:00:00+04:00,78.16968821518495,242.7539699870689,5,13,137
2026-05-17 14:00:00+04:00,65.17334618878792,261.7567842690547,5,14,137
2026-05-17 15:00:00+04:00,51.64997190875748,269.8161212840678,5,15,137
2026-05-17 16:00:00+04:00,38.109041306629,275.60184344172916,5,16,137
2026-05-17 17:00:00+04:00,24.697799104783055,280.8380189879899,5,17,137
2026-05-17 18:00:00+04:00,11.550099820775165,286.22108375537994,5,18,137
2026-05-18 06:00:00+04:00,5.0245142279438015,70.69140895800462,5,6,138
2026-05-18 07:00:00+04:00,17.928476165833622,76.31856191246504,5,7,138
2026-05-18 08:00:00+04:00,31.224736686769845,81.52755474819804,5,8,138
2026-05-18 09:00:00+04:00,44.71484226873472,86.85470960296084,5,9,138
2026-05-18 10:00:00+04:00,58.27738488527902,93.27387587653584,5,10,138
2026-05-18 11:00:00+04:00,71.69812225809589,104.07229691688474,5,11,138
2026-05-18 12:00:00+04:00,83.35039622468527,146.73430892583582,5,12,138
2026-05-18 13:00:00+04:00,78.29155664904927,243.66261578955098,5,13,138
2026-05-18 14:00:00+04:00,65.25059277669058,262.252141998218,5,14,138
2026-05-18 15:00:00+04:00,51.72059465078375,270.15449692562214,5,15,138
2026-05-18 16:00:00+04:00,38.18310749588722,275.8667658608977,5,16,138
2026-05-18 17:00:00+04:00,24.78008335732735,281.06369110731515,5,17,138
2026-05-18 18:00:00+04:00,11.64376131992646,286.42478242677413,5,18,138
2026-05-19 06:00:00+04:00,5.105175527987609,70.48896339374699,5,6,139
2026-05-19 07:00:00+04:00,17.996742862335775,76.10129487367612,5,7,139
2026-05-19 08:00:00+04:00,31.28246415152618,81.28228572349872,5,8,139
2026-05-19 09:00:00+04:00,44.765890531572225,86.55740562218466,5,9,139
2026-05-19 10:00:00+04:00,58.32809821449127,92.87225181841904,5,10,139
2026-05-19 11:00:00+04:00,71.76567808787881,103.41507840691571,5,11,139
2026-05-19 12:00:00+04:00,83.52735195482697,145.64135236357419,5,12,139
2026-05-19 13:00:00+04:00,78.40958092894247,244.5606076303776,5,13,139
2026-05-19 14:00:00+04:00,65.32654879954035,262.7361348459232,5,14,139
2026-05-19 15:00:00+04:00,51.790746998747466,270.4843281018938,5,15,139
2026-05-19 16:00:00+04:00,38.25696524489889,276.124652688854,5,16,139
2026-05-19 17:00:00+04:00,24.862165494824087,281.28309364428605,5,17,139
2026-05-19 18:00:00+04:00,11.737065781947651,286.62253177990084,5,18,139
2026-05-20 06:00:00+04:00,5.181668356019229,70.29070069826446,5,6,140
2026-05-20 07:00:00+04:00,18.06083130666824,75.88860135784648,5,7,140
2026-05-20 08:00:00+04:00,31.336020998199878,81.04223299693149,5,8,140
2026-05-20 09:00:00+04:00,44.81261977714322,86.26639600684734,5,9,140
2026-05-20 10:00:00+04:00,58.374025127534544,92.47874651609578,5,10,140
2026-05-20 11:00:00+04:00,71.82710370281552,102.7679178760738,5,11,140
2026-05-20 12:00:00+04:00,83.69601439880479,144.50082664380977,5,12,140
2026-05-20 13:00:00+04:00,78.52386415199102,245.44676142781722,5,13,140
2026-05-20 14:00:00+04:00,65.40126458851975,263.2084856767159,5,14,140
2026-05-20 15:00:00+04:00,51.86043355239126,270.80547551847627,5,15,140
2026-05-20 16:00:00+04:00,38.330589661826394,276.37540844114477,5,16,140
2026-05-20 17:00:00+04:00,24.943998298733497,281.4961532863863,5,17,140
2026-05-20 18:00:00+04:00,11.82994699609682,286.8142741568951,5,18,140
2026-05-21 06:00:00+04:00,5.2540014198483815,70.09671660480831,5,6,141
2026-05-21 07:00:00+04:00,18.12077628504686,75.68059470023786,5,7,141
2026-05-21 08:00:00+04:00,31.385461784224365,80.80753883960585,5,8,141
2026-05-21 09:00:00+04:00,44.85510775338217,85.98187970611008,5,9,141
2026-05-21 10:00:00+04:00,58.415274143253505,92.093702236831,5,10,141
2026-05-21 11:00:00+04:00,71.88254674449892,102.13175022611188,5,11,141
2026-05-21 12:00:00+04:00,83.85623469235897,143.31377423667072,5,12,141
2026-05-21 13:00:00+04:00,78.63451565201694,246.3198797862387,5,13,141
2026-05-21 14:00:00+04:00,65.4747914115228,263.6689198112384,5,14,141
2026-05-21 15:00:00+04:00,51.92965980438398,271.117800800231,5,15,141
2026-05-21 16:00:00+04:00,38.403957053242635,276.6189384391231,5,16,141
2026-05-21 17:00:00+04:00,25.025536101500432,281.7027976225882,5,17,141
2026-05-21 18:00:00+04:00,11.922340676138283,286.99995290466836,5,18,141
2026-05-22 06:00:00+04:00,5.32218384181582,69.90710355778828,5,6,142
2026-05-22 07:00:00+04:00,18.176611993956996,75.47738424085043,5,7,142
2026-05-22 08:00:00+04:00,31.4308403518573,80.57834022873288,5,8,142
2026-05-22 09:00:00+04:00,44.89343156794383,85.70404772231052,5,9,142
2026-05-22 10:00:00+04:00,58.451953828921816,91.71744675730054,5,10,142
2026-05-22 11:00:00+04:00,71.93215920620916,101.50747769575065,5,11,142
2026-05-22 12:00:00+04:00,84.00787708120242,142.08175340616947,5,12,142
2026-05-22 13:00:00+04:00,78.74165219713664,247.17875987304305,5,13,142
2026-05-22 14:00:00+04:00,65.5471827286034,264.11716794828715,5,14,142
2026-05-22 15:00:00+04:00,51.99843344342277,271.42116847315515,5,15,142
2026-05-22 16:00:00+04:00,38.477046267211946,276.85515031844614,5,16,142
2026-05-22 17:00:00+04:00,25.106736172501055,281.9029563633457,5,17,142
2026-05-22 18:00:00+04:00,12.014185893688063,287.179513392499,5,18,142
2026-05-23 06:00:00+04:00,5.386225024373221,69.72194930060402,5,6,143
2026-05-23 07:00:00+04:00,18.228371869839997,75.27907387371147,5,7,143
2026-05-23 08:00:00+04:00,31.47220955665938,80.35476726839909,5,8,143
2026-05-23 09:00:00+04:00,44.92766730733006,85.433081235764,5,9,143
2026-05-23 10:00:00+04:00,58.484172269783585,91.35029072878325,5,10,143
2026-05-23 11:00:00+04:00,71.97609656056962,100.89596315999847,5,11,143
2026-05-23 12:00:00+04:00,84.1508221609154,140.80687624789368,5,12,143
2026-05-23 13:00:00+04:00,78.84539823239056,248.0222016921381,5,13,143
2026-05-23 14:00:00+04:00,65.61849458975006,264.55296860115305,5,14,143
2026-05-23 15:00:00+04:00,52.066764821283385,271.7154475212524,5,15,143
2026-05-23 16:00:00+04:00,38.549839201577974,277.0839551842242,5,16,143
2026-05-23 17:00:00+04:00,25.18755926297999,282.0965622630139,5,17,143
2026-05-23 18:00:00+04:00,12.105425659362904,287.35290378072307,5,18,143
2026-05-24 06:00:00+04:00,5.446134779105839,69.54133639465954,5,6,144
2026-05-24 07:00:00+04:00,18.276088729734244,75.08576155685387,5,7,144
2026-05-24 08:00:00+04:00,31.509621342073267,80.13694266760956,5,8,144
2026-05-24 09:00:00+04:00,44.95789002681407,85.16915100256665,5,9,144
2026-05-24 10:00:00+04:00,58.51203689897764,90.99252680008163,5,10,144
2026-05-24 11:00:00+04:00,72.01451713239996,100.2980266838307,5,11,144
2026-05-24 12:00:00+04:00,84.28496987420273,139.4918461937844,5,12,144
2026-05-24 13:00:00+04:00,78.94588516276521,248.8490144072524,5,13,144
2026-05-24 14:00:00+04:00,65.68878523959309,264.9760691405371,5,14,144
2026-05-24 15:00:00+04:00,52.1346666567518,272.0005119709465,5,15,144
2026-05-24 16:00:00+04:00,38.622320549096486,277.3052680153282,5,16,144
2026-05-24 17:00:00+04:00,25.26796937544433,282.2835514242714,5,17,144
2026-05-24 18:00:00+04:00,12.196006708839866,287.5200752621713,5,18,144
2026-05-25 06:00:00+04:00,5.501923543255164,69.36534259154422,5,6,145
2026-05-25 07:00:00+04:00,18.31979504572949,74.89753969628714,5,7,145
2026-05-25 08:00:00+04:00,31.543126991277525,79.92498217145203,5,8,145
2026-05-25 09:00:00+04:00,44.98417393915226,84.91241787873645,5,9,145
2026-05-25 10:00:00+04:00,58.535654534488486,90.64443026914194,5,10,145
2026-05-25 11:00:00+04:00,72.0475816224376,99.71444490284614,5,11,145
2026-05-25 12:00:00+04:00,84.41024226574189,138.13999148901456,5,12,145
2026-05-25 13:00:00+04:00,79.04324995550648,249.65802012055343,5,13,145
2026-05-25 14:00:00+04:00,65.75811419947347,265.3862254770927,5,14,145
2026-05-25 15:00:00+04:00,52.20215323985438,272.2762405850242,5,15,145
2026-05-25 16:00:00+04:00,38.694477038236656,277.5190074048778,5,16,145
2026-05-25 17:00:00+04:00,25.347933012955885,282.4638630706989,5,17,145
2026-05-25 18:00:00+04:00,12.285878751376629,287.6809818587769,5,18,145
2026-05-25 19:00:00+04:00,0.06885681788278675,293.6080436962861,5,19,145
2026-05-26 06:00:00+04:00,5.553602643489984,69.19404170847821,5,6,146
2026-05-26 07:00:00+04:00,18.35952330332517,74.7144960384901,5,7,146
2026-05-26 08:00:00+04:00,31.572777486523332,79.71899553194532,5,8,146
2026-05-26 09:00:00+04:00,45.00659273825401,84.66303397184288,5,9,146
2026-05-26 10:00:00+04:00,58.5551315624014,90.30626057356864,5,10,146
2026-05-26 11:00:00+04:00,72.07545276921891,99.14595205062693,5,11,146
2026-05-26 12:00:00+04:00,84.52658615022936,136.75528929201596,5,12,146
2026-05-26 13:00:00+04:00,79.13763340300234,250.44805586070484,5,13,146
2026-05-26 14:00:00+04:00,65.82654108968934,265.78320101128054,5,14,146
2026-05-26 15:00:00+04:00,52.269239376971,272.54251612078826,5,15,146
2026-05-26 16:00:00+04:00,38.76629641707954,277.7250949954192,5,16,146
2026-05-26 17:00:00+04:00,25.427418171468045,282.6374390887396,5,17,146
2026-05-26 18:00:00+04:00,12.374993460995368,287.83558003781644,5,18,146
2026-05-26 19:00:00+04:00,0.15409680603115827,293.75080618997686,5,19,146
2026-05-27 06:00:00+04:00,5.6011846364104425,69.02750464993233,5,6,147
2026-05-27 07:00:00+04:00,18.395306442763385,74.53671469629126,5,7,147
2026-05-27 08:00:00+04:00,31.598623975355398,79.51908761243953,5,8,147
2026-05-27 09:00:00+04:00,45.025220038226756,84.42114393244992,5,9,147
2026-05-27 10:00:00+04:00,58.5705742555436,89.97826296869073,5,10,147
2026-05-27 11:00:00+04:00,72.09829516055102,98.59324152948409,5,11,147
2026-05-27 12:00:00+04:00,84.6339758138252,135.3423750411738,5,12,147
2026-05-27 13:00:00+04:00,79.22917829190449,251.21797479605723,5,13,147
2026-05-27 14:00:00+04:00,65.8941243776031,266.1667654659819,5,14,147
2026-05-27 15:00:00+04:00,52.33593926132287,272.79922456319514,5,15,147
2026-05-27 16:00:00+04:00,38.83776635808316,277.92345492410584,5,16,147
2026-05-27 17:00:00+04:00,25.506393253975173,282.8042235999359,5,17,147
2026-05-27 18:00:00+04:00,12.463303391069603,287.9838283760313,5,18,147
2026-05-27 19:00:00+04:00,0.23867262193526173,293.8873437001671,5,19,147
2026-05-28 06:00:00+04:00,5.644683742145504,68.8658003670563,5,6,148
2026-05-28 07:00:00+04:00,18.427178389502,74.36427709799659,5,7,148
2026-05-28 08:00:00+04:00,31.620718315076754,79.32535939057652,5,8,148
2026-05-28 09:00:00+04:00,45.04012989528177,84.18688611453638,5,9,148
2026-05-28 10:00:00+04:00,58.58208918295925,89.660670031807,5,10,148
2026-05-28 11:00:00+04:00,72.11627517348438,98.05696742214292,5,11,148
2026-05-28 12:00:00+04:00,84.73241570554772,133.90653262785645,5,12,148
2026-05-28 13:00:00+04:00,79.31802760778035,251.9666472007574,5,13,148
2026-05-28 14:00:00+04:00,65.96092016183957,266.53669388988396,5,14,148
2026-05-28 15:00:00+04:00,52.40226537129333,273.0462545173181,5,15,148
2026-05-28 16:00:00+04:00,38.908873394984774,278.1140134073309,5,16,148
2026-05-28 17:00:00+04:00,25.584826024066512,282.96416266056724,5,17,148
2026-05-28 18:00:00+04:00,12.550760939454797,288.12568734403055,5,18,148
2026-05-28 19:00:00+04:00,0.32256626262322274,294.01763073213056,5,19,148
2026-05-29 06:00:00+04:00,5.684116295870995,68.70899666568516,5,6,149
2026-05-29 07:00:00+04:00,18.455174585172685,74.19726277475877,5,7,149
2026-05-29 08:00:00+04:00,31.63911361571598,79.1379087816589,5,8,149
2026-05-29 09:00:00+04:00,45.05139732329368,83.96039351866744,5,9,149
2026-05-29 10:00:00+04:00,58.58978361816903,89.3537028842469,5,10,149
2026-05-29 11:00:00+04:00,72.12956093140347,97.53774572403267,5,11,149
2026-05-29 12:00:00+04:00,84.82194291436483,132.4536619673313,5,12,149
2026-05-29 13:00:00+04:00,79.40432288789368,252.69296109565255,5,13,149
2026-05-29 14:00:00+04:00,66.02698109551692,266.89276582956165,5,14,149
2026-05-29 15:00:00+04:00,52.46822750474765,273.28349674662473,5,15,149
2026-05-29 16:00:00+04:00,38.97960200170455,278.296698443077,5,16,149
2026-05-29 17:00:00+04:00,25.662682708092365,283.1172040590938,5,17,149
2026-05-29 18:00:00+04:00,12.637317469544149,288.26111917300875,5,18,149
2026-05-29 19:00:00+04:00,0.40574116789018,294.14164357394856,5,19,149
2026-05-30 06:00:00+04:00,5.719501103490919,68.55716082636911,5,6,150
2026-05-30 07:00:00+04:00,18.479332400703747,74.03574995838784,5,7,150
2026-05-30 08:00:00+04:00,31.653864651278795,78.9568312576443,5,8,150
2026-05-30 09:00:00+04:00,45.059098671054954,83.74179449797629,5,9,150
2026-05-30 10:00:00+04:00,58.593765810791176,89.05757211031386,5,10,150
2026-05-30 11:00:00+04:00,72.13832215501624,97.03615525269151,5,11,150
2026-05-30 12:00:00+04:00,84.90262917299926,130.9902219860706,5,12,150
2026-05-30 13:00:00+04:00,79.48820281554984,253.39582236005825,5,13,150
2026-05-30 14:00:00+04:00,66.09235556008741,267.2347645806765,5,14,150
2026-05-30 15:00:00+04:00,52.53383206147386,273.5108437888489,5,15,150
2026-05-30 16:00:00+04:00,39.04993391526139,278.47143957235255,5,16,150
2026-05-30 17:00:00+04:00,25.73992734535206,283.26329715321174,5,17,150
2026-05-30 18:00:00+04:00,12.722922681845716,288.39008774212766,5,18,150
2026-05-30 19:00:00+04:00,0.48814571469380313,294.2593602256625,5,19,150
2026-05-31 06:00:00+04:00,5.750859616172151,68.4103600152261,5,6,151
2026-05-31 07:00:00+04:00,18.49969134580233,73.8798159755292,5,7,151
2026-05-31 08:00:00+04:00,31.6650280545634,78.78222025389101,5,8,151
2026-05-31 09:00:00+04:00,45.063311777332316,83.53121322484424,5,9,151
2026-05-31 10:00:00+04:00,58.59414503842618,88.77247837763281,5,10,151
2026-05-31 11:00:00+04:00,72.14272981539823,96.55273822885346,5,11,151
2026-05-31 12:00:00+04:00,84.97458214993983,129.5231488019473,5,12,151
2026-05-31 13:00:00+04:00,79.56980212173367,254.07415425019275,5,13,151
2026-05-31 14:00:00+04:00,66.15708713776428,267.56247649212634,5,14,151
2026-05-31 15:00:00+04:00,52.599081619435346,273.7281896233011,5,15,151
2026-05-31 16:00:00+04:00,39.11984776017251,278.6381676692546,5,16,151
2026-05-31 17:00:00+04:00,25.816521438840248,283.40239271628275,5,17,151
2026-05-31 18:00:00+04:00,12.80752428385456,288.5125584550325,5,18,151
2026-05-31 19:00:00+04:00,0.5697162354970434,294.37076029631817,5,19,151
2026-06-01 06:00:00+04:00,5.778215910850292,68.26866148848336,6,6,152
2026-06-01 07:00:00+04:00,18.51629306547698,73.72953744430743,6,7,152
2026-06-01 08:00:00+04:00,31.672662297293414,78.61416737639104,6,8,152
2026-06-01 09:00:00+04:00,45.06411590849719,83.32876993691804,6,9,152
2026-06-01 10:00:00+04:00,58.591031445527264,88.49861278928472,6,10,152
2026-06-01 11:00:00+04:00,72.14295559586135,96.08800059047735,6,11,152
2026-06-01 12:00:00+04:00,85.03794588218629,128.05975128853993,6,12,152
2026-06-01 13:00:00+04:00,79.6492507702259,254.72689651147186,6,13,152
2026-06-01 14:00:00+04:00,66.2212143578954,267.8756903577356,6,14,152
2026-06-01 15:00:00+04:00,52.66397477790563,273.93542940377097,6,15,152
2026-06-01 16:00:00+04:00,39.1893189293777,278.796814774496,6,16,152
2026-06-01 17:00:00+04:00,25.892423859603852,283.5344428074591,6,17,152
2026-06-01 18:00:00+04:00,12.891067909147646,288.6284981219331,6,18,152
2026-06-01 19:00:00+04:00,0.6503796269486558,294.47582488269643,6,19,152
2026-06-02 06:00:00+04:00,5.8015965539879835,68.1321326315832,6,6,153
2026-06-02 07:00:00+04:00,18.529181207486,73.58499031116986,6,7,153
2026-06-02 08:00:00+04:00,31.676827529005887,78.4527624420598,6,8,153
2026-06-02 09:00:00+04:00,45.06159155471018,83.13458099915078,6,9,153
2026-06-02 10:00:00+04:00,58.584535746473016,88.23615701713203,6,10,153
2026-06-02 11:00:00+04:00,72.13917124765874,95.64241213963265,6,11,153
2026-06-02 12:00:00+04:00,85.09290029963749,126.60758840338855,6,12,153
2026-06-02 13:00:00+04:00,79.72667333173536,255.35300441710984,6,13,153
2026-06-02 14:00:00+04:00,66.28477061552782,268.1741969780157,6,14,153
2026-06-02 15:00:00+04:00,52.728506164796414,274.1324593052232,6,15,153
2026-06-02 16:00:00+04:00,39.25831962792062,278.9473140094057,6,16,153
2026-06-02 17:00:00+04:00,25.96759091100363,283.65940070207694,6,17,153
2026-06-02 18:00:00+04:00,12.973497193690816,288.73787488725657,6,18,153
2026-06-02 19:00:00+04:00,0.7300555595501752,294.57453648371927,6,19,153
2026-06-03 06:00:00+04:00,5.821030449514077,68.00084087630455,6,6,154
2026-06-03 07:00:00+04:00,18.538401266814564,73.44624976493486,6,7,154
2026-06-03 08:00:00+04:00,31.677585396947897,78.29809339068873,6,8,154
2026-06-03 09:00:00+04:00,45.05582020787532,82.94875882042061,6,9,154
2026-06-03 10:00:00+04:00,58.57476891590985,87.98528326218565,6,10,154
2026-06-03 11:00:00+04:00,72.13154794631707,95.21640658765517,6,11,154
2026-06-03 12:00:00+04:00,85.13965986558543,125.17433404835685,6,12,154
2026-06-03 13:00:00+04:00,79.80218843840146,255.9514480948252,6,13,154
2026-06-03 14:00:00+04:00,66.34778414109819,268.4577889935325,6,14,154
2026-06-03 15:00:00+04:00,52.79266648947374,274.31917654773133,6,15,154
2026-06-03 16:00:00+04:00,39.32681896267098,279.0895996240038,6,16,154
2026-06-03 17:00:00+04:00,26.041976439645953,283.7772209344104,6,17,154
2026-06-03 18:00:00+04:00,13.054753900768093,288.8406582581776,6,18,154
2026-06-03 19:00:00+04:00,0.8086582962532853,294.66687900924916,6,19,154
2026-06-04 06:00:00+04:00,5.8365487755332595,67.87485353768375,6,6,155
2026-06-04 07:00:00+04:00,18.54400051511401,73.31339006260481,6,7,155
2026-06-04 08:00:00+04:00,31.67499894794052,78.15024609627454,6,8,155
2026-06-04 09:00:00+04:00,45.046884221350744,82.77141165085447,6,9,155
2026-06-04 10:00:00+04:00,58.56184196549075,87.74615407070348,6,10,155
2026-06-04 11:00:00+04:00,72.12025576030331,94.81038154784125,6,11,155
2026-06-04 12:00:00+04:00,85.17847142128134,123.76763615475414,6,12,155
2026-06-04 13:00:00+04:00,79.87590820366728,256.5212124504398,6,13,155
2026-06-04 14:00:00+04:00,66.41027792118295,268.726261058355,6,14,155
2026-06-04 15:00:00+04:00,52.85644254388521,274.4954796398636,6,15,155
2026-06-04 16:00:00+04:00,39.394782974911216,279.2236072177011,6,16,155
2026-06-04 17:00:00+04:00,26.11553189283967,283.88785949041244,6,17,155
2026-06-04 18:00:00+04:00,13.13477799776021,288.93681927442236,6,18,155
2026-06-04 19:00:00+04:00,0.8860981180975254,294.75283792919447,6,19,155
2026-06-05 06:00:00+04:00,5.848185083848744,67.75423762382002,6,6,156
2026-06-05 07:00:00+04:00,18.54602809530419,73.18648431780935,6,7,156
2026-06-05 08:00:00+04:00,31.669132691402332,78.00930412829342,6,8,156
2026-06-05 09:00:00+04:00,45.03486683389967,82.60264331703792,6,9,156
2026-06-05 10:00:00+04:00,58.54586588651263,87.51892207692833,6,10,156
2026-06-05 11:00:00+04:00,72.10546330380379,94.42469857410197,6,11,156
2026-06-05 12:00:00+04:00,85.20961133589704,122.39497705068015,6,12,156
2026-06-05 13:00:00+04:00,79.94793751556989,257.0612977263331,6,13,156
2026-06-05 14:00:00+04:00,66.47226947176306,268.9794103299728,6,14,156
2026-06-05 15:00:00+04:00,52.919817052904456,274.66126882448464,6,15,156
2026-06-05 16:00:00+04:00,39.462174534630186,279.34927411590337,6,16,156
2026-06-05 17:00:00+04:00,26.18820623952272,283.99127413976305,6,17,156
2026-06-05 18:00:00+04:00,13.213507604351795,289.0263308125199,6,18,156
2026-06-05 19:00:00+04:00,0.9622823426388651,294.83240056650783,6,19,156
2026-06-06 06:00:00+04:00,5.855975600743933,67.63905969820149,6,6,157
2026-06-06 07:00:00+04:00,18.544535319443277,73.0656043297596,6,7,157
2026-06-06 08:00:00+04:00,31.66005287926742,77.875348551694,6,8,157
2026-06-06 09:00:00+04:00,45.01985240945346,82.44255299515697,6,9,157
2026-06-06 10:00:00+04:00,58.52695181725475,87.30372980435482,6,10,157
2026-06-06 11:00:00+04:00,72.0873376251096,94.05968344050024,6,11,157
2026-06-06 12:00:00+04:00,85.23338209577327,121.06354232106207,6,12,157
2026-06-06 13:00:00+04:00,80.01837311933818,257.57072048273614,6,13,157
2026-06-06 14:00:00+04:00,66.5337703917204,269.2170371468283,6,14,157
2026-06-06 15:00:00+04:00,52.98276830994811,274.81644664026646,6,15,157
2026-06-06 16:00:00+04:00,39.528953011365836,279.46653984511664,6,16,157
2026-06-06 17:00:00+04:00,26.25994567470841,284.0874248606421,6,17,157
2026-06-06 18:00:00+04:00,13.290878725627197,289.10916798940525,6,18,157
2026-06-06 19:00:00+04:00,1.0371159274804185,294.9055564971991,6,19,157
2026-06-07 06:00:00+04:00,5.859959731704276,67.52938585701861,6,6,158
2026-06-07 07:00:00+04:00,18.539576184379907,72.95082051776296,6,7,158
2026-06-07 08:00:00+04:00,31.647827997370143,77.7484578251889,6,8,158
2026-06-07 09:00:00+04:00,45.001926896794906,82.2912350919081,6,9,158
2026-06-07 10:00:00+04:00,58.50521143107895,87.10070960691007,6,10,158
2026-06-07 11:00:00+04:00,72.06604434311306,93.71562677283407,6,11,158
2026-06-07 12:00:00+04:00,85.2501084756149,119.78010411767389,6,12,158
2026-06-07 13:00:00+04:00,80.08730246284163,258.0485148003343,6,13,158
2026-06-07 14:00:00+04:00,66.59478568663536,269.4389457944238,6,14,158
2026-06-07 15:00:00+04:00,53.04526958189377,274.96091854223664,6,15,158
2026-06-07 16:00:00+04:00,39.595073724605385,279.5753466612449,6,16,158
2026-06-07 17:00:00+04:00,26.33069310428997,284.1762743240296,6,17,158
2026-06-07 18:00:00+04:00,13.36682477625789,289.1853086342728,6,18,158
2026-06-07 19:00:00+04:00,1.1105016898475821,294.9722980394191,6,19,158
2026-06-08 06:00:00+04:00,5.86018074571887,67.42528178477977,6,6,159
2026-06-08 07:00:00+04:00,18.531208070962826,72.84220191669579,6,7,159
2026-06-08 08:00:00+04:00,31.632529450589868,77.62870775124571,6,8,159
2026-06-08 09:00:00+04:00,44.98117848176137,82.14877916766409,6,9,159
2026-06-08 10:00:00+04:00,58.48075752117544,86.90998365222288,6,10,159
2026-06-08 11:00:00+04:00,72.04174798712529,93.39278480757429,6,11,159
2026-06-08 12:00:00+04:00,85.26013345650819,118.55092244277313,6,12,159
2026-06-08 13:00:00+04:00,80.15480238434273,258.49373391291533,6,13,159
2026-06-08 14:00:00+04:00,66.65531292733061,269.64494547687923,6,14,159
2026-06-08 15:00:00+04:00,53.10728835891331,275.0945936618634,6,15,159
2026-06-08 16:00:00+04:00,39.66048724851923,279.67564019744583,6,16,159
2026-06-08 17:00:00+04:00,26.400387497554522,284.2577884918295,6,17,159
2026-06-08 18:00:00+04:00,13.441275984571142,289.25473387804095,6,18,159
2026-06-08 19:00:00+04:00,1.182340276463445,295.0326208675569,6,19,159
2026-06-09 06:00:00+04:00,5.856686600039834,67.32681273080885,6,6,160
2026-06-09 07:00:00+04:00,18.5194925763133,72.7398160692536,6,7,160
2026-06-09 08:00:00+04:00,31.61423236935913,77.51617129149452,6,8,160
2026-06-09 09:00:00+04:00,44.95769835288775,82.01526967963184,6,9,160
2026-06-09 10:00:00+04:00,58.45370469380069,86.73166364401698,6,10,160
2026-06-09 11:00:00+04:00,72.01461246838608,93.09137974850188,6,11,160
2026-06-09 12:00:00+04:00,85.26381405284202,117.38166531541032,6,12,160
2026-06-09 13:00:00+04:00,80.22093778153324,258.9054529720539,6,13,160
2026-06-09 14:00:00+04:00,66.71534139127154,269.83485179548717,6,14,160
2026-06-09 15:00:00+04:00,53.16878559798645,275.2173859015074,6,15,160
2026-06-09 16:00:00+04:00,39.72513872047437,279.767370376914,6,16,160
2026-06-09 17:00:00+04:00,26.468963261667497,284.33193744468616,6,17,160
2026-06-09 18:00:00+04:00,13.514158840167564,289.31742895416994,6,18,160
2026-06-09 19:00:00+04:00,1.2525300685660827,295.0865248279,6,19,160
2026-06-10 06:00:00+04:00,5.849530851843686,67.23404324240744,6,6,161
2026-06-10 07:00:00+04:00,18.50449641028575,72.64372865200909,6,7,161
2026-06-10 08:00:00+04:00,31.593016457981022,77.41091807743635,6,8,161
2026-06-10 09:00:00+04:00,44.9315814916164,81.89078535336262,6,9,161
2026-06-10 10:00:00+04:00,58.424170075121594,86.56585004113794,6,10,161
2026-06-10 11:00:00+04:00,71.98480157682117,92.81159931195612,6,11,161
2026-06-10 12:00:00+04:00,85.26151714577323,116.27734766464937,6,12,161
2026-06-10 13:00:00+04:00,80.28576040076464,259.2827734276878,6,13,161
2026-06-10 14:00:00+04:00,66.77485130493763,270.0084889166086,6,14,161
2026-06-10 15:00:00+04:00,53.2297150786675,275.3292154626119,6,15,161
2026-06-10 16:00:00+04:00,39.78896728555213,279.85049264581784,6,16,161
2026-06-10 17:00:00+04:00,26.53634976982646,284.39869646947227,6,17,161
2026-06-10 18:00:00+04:00,13.585395713996657,289.3733842209822,6,18,161
2026-06-10 19:00:00+04:00,1.3209671576299933,295.1340149508219,6,19,161
2026-06-11 06:00:00+04:00,5.83877354457993,67.14703666166236,6,6,162
2026-06-11 07:00:00+04:00,18.486292240471833,72.55400286418921,6,7,162
2026-06-11 08:00:00+04:00,31.56896677645152,77.31301367395787,6,8,162
2026-06-11 09:00:00+04:00,44.90292737984173,81.77539827724252,6,9,162
2026-06-11 10:00:00+04:00,58.39227392521384,86.41263093325682,6,10,162
2026-06-11 11:00:00+04:00,71.95247939287005,92.553595769362,6,11,162
2026-06-11 12:00:00+04:00,85.25361532810453,115.24229013245383,6,12,162
2026-06-11 13:00:00+04:00,80.34930779098457,259.62482834920996,6,13,162
2026-06-11 14:00:00+04:00,66.83381324886238,270.1656920575344,6,14,162
2026-06-11 15:00:00+04:00,53.29002292635747,275.4300105337379,6,15,162
2026-06-11 16:00:00+04:00,39.85190570689272,279.92496929737234,6,16,162
2026-06-11 17:00:00+04:00,26.602471057682013,284.45804719443686,6,17,162
2026-06-11 18:00:00+04:00,13.65490464622432,289.4225961979927,6,18,162
2026-06-11 19:00:00+04:00,1.3875454043660196,295.17510244130017,6,19,162
2026-06-12 06:00:00+04:00,5.824481875115442,67.06585465044714,6,6,163
2026-06-12 07:00:00+04:00,18.46495930723257,72.470698883404,6,7,163
2026-06-12 08:00:00+04:00,31.542174279777708,77.22251895488682,6,8,163
2026-06-12 09:00:00+04:00,44.87184046252105,81.6691731792846,6,9,163
2026-06-12 10:00:00+04:00,58.35814000726035,86.27208122556266,6,10,163
2026-06-12 11:00:00+04:00,71.9178104705391,92.31748562920455,6,11,163
2026-06-12 12:00:00+04:00,85.2404826560167,114.28010078975126,6,12,163
2026-06-12 13:00:00+04:00,80.41160241541868,259.9307865093069,6,13,163
2026-06-12 14:00:00+04:00,66.89218773915017,270.3063092950697,6,14,163
2026-06-12 15:00:00+04:00,53.349647306189404,275.51970846416964,6,15,163
2026-06-12 16:00:00+04:00,39.91388013310838,279.99077034845993,6,16,163
2026-06-12 17:00:00+04:00,26.66724565344846,284.5099783028131,6,17,163
2026-06-12 18:00:00+04:00,13.722599236045212,289.46506818149817,6,18,163
2026-06-12 19:00:00+04:00,1.4521564934972022,295.2098052343105,6,19,163
2026-06-13 06:00:00+04:00,5.806730346127239,66.99055709804952,6,6,164
2026-06-13 07:00:00+04:00,18.440583537411243,72.39387378433628,6,7,164
2026-06-13 08:00:00+04:00,31.512735881146856,77.13949005487461,6,8,164
2026-06-13 09:00:00+04:00,44.838430153542305,81.5721674595705,6,9,164
2026-06-13 10:00:00+04:00,58.32189551598614,86.14426291808513,6,10,164
2026-06-13 11:00:00+04:00,71.8809595866233,92.10335126934785,6,11,164
2026-06-13 12:00:00+04:00,85.22249014221644,113.39368223536087,6,12,164
2026-06-13 13:00:00+04:00,80.47265097358176,260.19985260043876,6,13,164
2026-06-13 14:00:00+04:00,66.94992505995523,270.43020158210606,6,14,164
2026-06-13 15:00:00+04:00,53.40851835095447,275.5982556949817,6,15,164
2026-06-13 16:00:00+04:00,39.97481006938627,280.04787340613336,6,16,164
2026-06-13 17:00:00+04:00,26.730586568244984,284.5544853460598,6,17,164
2026-06-13 18:00:00+04:00,13.7883886314067,289.500810006056,6,18,164
2026-06-13 19:00:00+04:00,1.514689976681197,295.23814769778824,6,19,164
2026-06-14 06:00:00+04:00,5.78560013527483,66.92120255898885,6,6,165
2026-06-14 07:00:00+04:00,18.413256898760352,72.32358208297933,6,7,165
2026-06-14 08:00:00+04:00,31.4807537901324,77.06397907937259,6,8,165
2026-06-14 09:00:00+04:00,44.80281014592406,81.48443219274083,6,9,165
2026-06-14 10:00:00+04:00,58.28367034047663,86.02922675687375,6,10,165
2026-06-14 11:00:00+04:00,71.84209085395553,91.91124494086318,6,11,165
2026-06-14 12:00:00+04:00,85.20000090253178,112.58526253226199,6,12,165
2026-06-14 13:00:00+04:00,80.53244413711238,260.4312624477138,6,13,165
2026-06-14 14:00:00+04:00,67.0069655455721,270.53724057909284,6,14,165
2026-06-14 15:00:00+04:00,53.46655851939685,275.66560621398054,6,15,165
2026-06-14 16:00:00+04:00,40.03460873300192,280.09626235995916,6,16,165
2026-06-14 17:00:00+04:00,26.792401618181778,284.5915695281453,6,17,165
2026-06-14 18:00:00+04:00,13.8521777924719,289.5298368387385,6,18,165
2026-06-14 19:00:00+04:00,1.5750334657522118,295.26015938031173,6,19,165
2026-06-15 06:00:00+04:00,5.761177608215575,66.85784895016485,6,6,166
2026-06-15 07:00:00+04:00,18.38307591506018,72.25987661363081,6,7,166
2026-06-15 08:00:00+04:00,31.446334031389632,76.9960352304065,6,8,166
2026-06-15 09:00:00+04:00,44.765096932348825,81.40601367233745,6,9,166
2026-06-15 10:00:00+04:00,58.24359555871532,85.92701464652328,6,10,166
2026-06-15 11:00:00+04:00,71.80136610396544,91.74119404312285,6,11,166
2026-06-15 12:00:00+04:00,85.17336504673118,111.85644260524191,6,12,166
2026-06-15 13:00:00+04:00,80.59095694139266,260.6242750484104,6,13,166
2026-06-15 14:00:00+04:00,67.06324052418168,270.6273051682691,6,14,166
2026-06-15 15:00:00+04:00,53.52368359349483,275.72171913469583,6,15,166
2026-06-15 16:00:00+04:00,40.09318403665284,280.1359253746768,6,16,166
2026-06-15 17:00:00+04:00,26.85259434935814,284.6212358715054,6,17,166
2026-06-15 18:00:00+04:00,13.91386831786133,289.55216738669367,6,18,166
2026-06-15 19:00:00+04:00,1.6330732841632372,295.2758731657443,6,19,166
2026-06-16 06:00:00+04:00,5.733552212381268,66.80055391632288,6,6,167
2026-06-16 07:00:00+04:00,18.350139537518558,72.20280908979043,6,7,167
2026-06-16 08:00:00+04:00,31.409584325689465,76.9357056093242,6,8,167
2026-06-16 09:00:00+04:00,44.7254076859806,81.3369545828337,6,9,167
2026-06-16 10:00:00+04:00,58.201801306961,85.83766156823606,6,10,167
2026-06-16 11:00:00+04:00,71.75894267568059,91.59320551144219,6,11,167
2026-06-16 12:00:00+04:00,85.14291465087942,111.20824937381786,6,12,167
2026-06-16 13:00:00+04:00,80.6481499615467,260.7781656589235,6,13,167
2026-06-16 14:00:00+04:00,67.11867398918459,270.7002784516603,6,14,167
2026-06-16 15:00:00+04:00,53.579804398107264,275.7665565868197,6,15,167
2026-06-16 16:00:00+04:00,40.150440283645096,280.16685311722625,6,16,167
2026-06-16 17:00:00+04:00,26.9110656776767,284.6434915687912,6,17,167
2026-06-16 18:00:00+04:00,13.973359994403525,289.567822251796,6,18,167
2026-06-16 19:00:00+04:00,1.6886957952116608,295.28532353361,6,19,167
2026-06-17 06:00:00+04:00,5.702814265421709,66.74937434316587,6,6,168
2026-06-17 07:00:00+04:00,18.314546861736233,72.15242977294793,6,7,168
2026-06-17 08:00:00+04:00,31.370611771181945,76.88303502438822,6,8,168
2026-06-17 09:00:00+04:00,44.68385791968685,81.27729397696623,6,9,168
2026-06-17 10:00:00+04:00,58.1584144163878,85.76119588181587,6,10,168
2026-06-17 11:00:00+04:00,71.71497101190315,91.46726745344188,6,11,168
2026-06-17 12:00:00+04:00,85.10895929510504,110.64118565846843,6,12,168
2026-06-17 13:00:00+04:00,80.70397107050846,260.8922242325667,6,13,168
2026-06-17 14:00:00+04:00,67.17318475952007,270.75604692143213,6,14,168
2026-06-17 15:00:00+04:00,53.63482900670221,275.8000830120412,6,15,168
2026-06-17 16:00:00+04:00,40.20628037382626,280.18903805931853,6,16,168
2026-06-17 17:00:00+04:00,26.967716071446088,284.65834523869603,6,17,168
2026-06-17 18:00:00+04:00,14.030552930924898,289.5768230919497,6,18,168
2026-06-17 19:00:00+04:00,1.7417893210346065,295.28854556983424,6,19,168
2026-06-18 06:00:00+04:00,5.669053166994904,66.70436493936933,6,6,169
2026-06-18 07:00:00+04:00,18.276395212708522,72.10878614279727,6,7,169
2026-06-18 08:00:00+04:00,31.329520853060778,76.83806467607496,6,8,169
2026-06-18 09:00:00+04:00,44.6405594394096,81.22706589668195,6,9,169
2026-06-18 10:00:00+04:00,58.11355632579185,85.6976377982017,6,10,169
2026-06-18 11:00:00+04:00,71.66959254291525,91.36334771222869,6,11,169
2026-06-18 12:00:00+04:00,85.07178258650359,110.15527391803198,6,12,169
2026-06-18 13:00:00+04:00,80.75835730692545,260.96576086763815,6,13,169
2026-06-18 14:00:00+04:00,67.2266886484251,270.79450230027015,6,14,169
2026-06-18 15:00:00+04:00,53.68866495886918,275.82226616507955,6,15,169
2026-06-18 16:00:00+04:00,40.260608046971065,280.2024750851629,6,16,169
2026-06-18 17:00:00+04:00,27.022447808385877,284.665807286674,6,17,169
2026-06-18 18:00:00+04:00,14.085349815053771,289.5791927838212,6,18,169
2026-06-18 19:00:00+04:00,1.7922462483656587,295.28557493106507,6,19,169
2026-06-19 06:00:00+04:00,5.632356330648729,66.66557635365905,6,6,170
2026-06-19 07:00:00+04:00,18.235778924985443,72.07192104882887,6,7,170
2026-06-19 08:00:00+04:00,31.286412119523153,76.8008302455637,6,8,170
2026-06-19 09:00:00+04:00,44.59561894331949,81.18629726778948,6,9,170
2026-06-19 10:00:00+04:00,58.067341628813445,85.64699687702989,6,10,170
2026-06-19 11:00:00+04:00,71.62293822244301,91.28139083117594,6,11,170
2026-06-19 12:00:00+04:00,85.03163985418057,109.75009724847973,6,12,170
2026-06-19 13:00:00+04:00,80.81123633336547,260.99811629297284,6,13,170
2026-06-19 14:00:00+04:00,67.2791001528545,270.81554505688234,6,14,170
2026-06-19 15:00:00+04:00,53.74122099685059,275.83307915618093,6,15,170
2026-06-19 16:00:00+04:00,40.31332964979815,280.2071628968507,6,16,170
2026-06-19 17:00:00+04:00,27.075166773996937,284.6658909497112,6,17,170
2026-06-19 18:00:00+04:00,14.137657737997374,289.57495622217186,6,18,170
2026-06-19 19:00:00+04:00,1.8399647801242769,295.27644844140474,6,19,170
2026-06-20 06:00:00+04:00,5.592808782586272,66.63305356053485,6,6,171
2026-06-20 07:00:00+04:00,18.192788813196984,72.04187111596661,6,7,171
2026-06-20 08:00:00+04:00,31.241381557797038,76.77136024559314,6,8,171
2026-06-20 09:00:00+04:00,44.549137330061356,81.15500609681027,6,9,171
2026-06-20 10:00:00+04:00,58.019877339818976,85.60926992740053,6,10,171
2026-06-20 11:00:00+04:00,71.57512779054215,91.22131570631393,6,11,171
2026-06-20 12:00:00+04:00,84.98875689985587,109.4248434542863,6,12,171
2026-06-20 13:00:00+04:00,80.86252715324659,260.9886732559471,6,13,171
2026-06-20 14:00:00+04:00,67.33033337727659,270.8190878191859,6,14,171
2026-06-20 15:00:00+04:00,53.7924080269789,275.8325023867643,6,15,171
2026-06-20 16:00:00+04:00,40.36435512528526,280.20310534027436,6,16,171
2026-06-20 17:00:00+04:00,27.12578347202969,284.6586132941257,6,17,171
2026-06-20 18:00:00+04:00,14.18738922290647,289.5641411097435,6,18,171
2026-06-20 19:00:00+04:00,1.8848499404123036,295.26120473162905,6,19,171
2026-06-21 06:00:00+04:00,5.5504931361516965,66.60683507647963,6,6,172
2026-06-21 07:00:00+04:00,18.147512083073714,72.01866600143796,6,7,172
2026-06-21 08:00:00+04:00,31.194520461404686,76.74967529915892,6,8,172
2026-06-21 09:00:00+04:00,44.501209537229805,81.13320076054538,6,9,172
2026-06-21 10:00:00+04:00,57.97126271389216,85.5844403513521,6,10,172
2026-06-21 11:00:00+04:00,71.5262696105557,91.18301560020558,6,11,172
2026-06-21 12:00:00+04:00,84.94332953047186,109.17835554362938,6,12,172
2026-06-21 13:00:00+04:00,80.91214007982437,260.93686523500736,6,13,172
2026-06-21 14:00:00+04:00,67.38030221964642,270.8050572698073,6,14,172
2026-06-21 15:00:00+04:00,53.84213932425066,275.8205244881213,6,15,172
2026-06-21 16:00:00+04:00,40.41359821568525,280.1903119878949,6,16,172
2026-06-21 17:00:00+04:00,27.174213217297744,284.6439956187216,6,17,172
2026-06-21 18:00:00+04:00,14.234462406348294,289.54677825313456,6,18,172
2026-06-21 19:00:00+04:00,1.9268137605341311,295.2398844653165,6,19,172
2026-06-22 06:00:00+04:00,5.505489687074859,66.58695312724564,6,6,173
2026-06-22 07:00:00+04:00,18.100032433921715,72.00232862663245,6,7,173
2026-06-22 08:00:00+04:00,31.145915543344252,76.73578847426268,6,8,173
2026-06-22 09:00:00+04:00,44.45192466838797,81.12088052687227,6,9,173
2026-06-22 10:00:00+04:00,57.92158940258719,85.57247909439337,6,10,173
2026-06-22 11:00:00+04:00,71.47646086061384,91.16636070369054,6,11,173
2026-06-22 12:00:00+04:00,84.89552364027197,109.00918708303647,6,12,173
2026-06-22 13:00:00+04:00,80.9599761669037,260.8421815231866,6,13,173
2026-06-22 14:00:00+04:00,67.42892002329114,270.7733942557594,6,14,173
2026-06-22 15:00:00+04:00,53.890330189948806,275.7971421203969,6,15,173
2026-06-22 16:00:00+04:00,40.46097609199845,280.16879788334626,6,16,173
2026-06-22 17:00:00+04:00,27.220375730448342,284.62206318892044,6,17,173
2026-06-22 18:00:00+04:00,14.278800588094466,289.5229013021228,6,18,173
2026-06-22 19:00:00+04:00,1.9657748335898684,295.2125300938358,6,19,173
2026-06-23 06:00:00+04:00,5.457876528713174,66.57343445711695,6,6,174
2026-06-23 07:00:00+04:00,18.050430240109787,71.99287605863447,6,7,174
2026-06-23 08:00:00+04:00,31.095649174529044,76.72970630864063,6,8,174
2026-06-23 09:00:00+04:00,44.40136628491729,81.11803686018987,6,9,174
2026-06-23 10:00:00+04:00,57.87094178978867,85.57334657558533,6,10,174
2026-06-23 11:00:00+04:00,71.42578793309532,91.17120214949733,6,11,174
2026-06-23 12:00:00+04:00,84.84547572672626,108.91565711478165,6,12,174
2026-06-23 13:00:00+04:00,81.00592636182382,260.7041703217501,6,13,174
2026-06-23 14:00:00+04:00,67.47609894027055,270.7240528737582,6,14,174
2026-06-23 15:00:00+04:00,53.9368973060996,275.76235914461444,6,15,174
2026-06-23 16:00:00+04:00,40.506408675059234,280.13858284312744,6,16,174
2026-06-23 17:00:00+04:00,27.26419440963216,284.59284463648805,6,17,174
2026-06-23 18:00:00+04:00,14.32033145160322,289.49254622517134,6,18,174
2026-06-23 19:00:00+04:00,2.0016575398690946,295.17918540423057,6,19,174
2026-06-24 06:00:00+04:00,5.407729761732439,66.56630133419571,6,6,175
2026-06-24 07:00:00+04:00,17.99878284719883,71.99032056657228,6,7,175
2026-06-24 08:00:00+04:00,31.043799752685917,76.73142999459594,6,8,175
2026-06-24 09:00:00+04:00,44.34961283808836,81.12465487488419,6,9,175
2026-06-24 10:00:00+04:00,57.81939748704022,85.58699475237506,6,10,175
2026-06-24 11:00:00+04:00,71.37432700680334,91.1973760628905,6,11,175
2026-06-24 12:00:00+04:00,84.79329384360292,108.89589930608406,6,12,175
2026-06-24 13:00:00+04:00,81.04987058639176,260.5224423433851,6,13,175
2026-06-24 14:00:00+04:00,67.52174917498097,270.6569995784816,6,14,175
2026-06-24 15:00:00+04:00,53.981757970226596,275.7161858358725,6,15,175
2026-06-24 16:00:00+04:00,40.54981783330806,280.0996908214284,6,16,175
2026-06-24 17:00:00+04:00,27.305595489477692,284.5563714384148,6,17,175
2026-06-24 18:00:00+04:00,14.358986185076297,289.4557508805861,6,18,175
2026-06-24 19:00:00+04:00,2.0343911855361254,295.1398951806076,6,19,175
2026-06-25 06:00:00+04:00,5.355123865746982,66.56557243038202,6,6,176
2026-06-25 07:00:00+04:00,17.945165023619396,71.99467052177363,6,7,176
2026-06-25 08:00:00+04:00,30.990442215270228,76.7409563642874,6,8,176
2026-06-25 09:00:00+04:00,44.29673823731147,81.1407145204758,6,9,176
2026-06-25 10:00:00+04:00,57.76702795660119,85.61336877815506,6,10,176
2026-06-25 11:00:00+04:00,71.32214475334052,91.24470678827902,6,11,176
2026-06-25 12:00:00+04:00,84.73905893737347,108.94790251133134,6,12,176
2026-06-25 13:00:00+04:00,81.09167686356386,260.2966764703467,6,13,176
2026-06-25 14:00:00+04:00,67.56577820866401,270.5722129096822,6,14,176
2026-06-25 15:00:00+04:00,54.024829313815616,275.65863849955497,6,15,176
2026-06-25 16:00:00+04:00,40.5911265858672,280.05214959015996,6,16,176
2026-06-25 17:00:00+04:00,27.344507222518693,284.51267766908745,6,17,176
2026-06-25 18:00:00+04:00,14.394698640656832,289.4125548414237,6,18,176
2026-06-25 19:00:00+04:00,2.0639091927570132,295.0947051091043,6,19,176
2026-06-26 06:00:00+04:00,5.300132176168302,66.57126348065844,6,6,177
2026-06-26 07:00:00+04:00,17.88964949688044,72.00593105716098,6,7,177
2026-06-26 08:00:00+04:00,30.935648623666072,76.75827860205334,6,8,177
2026-06-26 09:00:00+04:00,44.24281247302958,81.16619143054061,6,9,177
2026-06-26 10:00:00+04:00,57.713899175188935,85.6524081892909,6,10,177
2026-06-26 11:00:00+04:00,71.26929908271546,91.31300923415438,6,11,177
2026-06-26 12:00:00+04:00,84.6828264179704,109.06954296044813,6,12,177
2026-06-26 13:00:00+04:00,81.13120059666525,260.0266273827808,6,13,177
2026-06-26 14:00:00+04:00,67.60809010525531,270.46968377325817,6,14,177
2026-06-26 15:00:00+04:00,54.06602760392471,275.58973942396267,6,15,177
2026-06-26 16:00:00+04:00,40.630258393338906,279.995990668069,6,16,177
2026-06-26 17:00:00+04:00,27.38085916129353,284.46179995339213,6,17,177
2026-06-26 18:00:00+04:00,14.427404617168756,289.3629993875089,6,18,177
2026-06-26 19:00:00+04:00,2.0901484154468015,295.04366182708446,6,19,177
2026-06-27 06:00:00+04:00,5.242827321045995,66.58338777984642,6,6,178
2026-06-27 07:00:00+04:00,17.832307430014534,72.02410456373252,6,7,178
2026-06-27 08:00:00+04:00,30.87948866291505,76.7833867809207,6,8,178
2026-06-27 09:00:00+04:00,44.18790214283671,81.20105756961414,6,9,178
2026-06-27 10:00:00+04:00,57.66007219696921,85.70404782454398,6,10,178
2026-06-27 11:00:00+04:00,71.21583978636404,91.40209070383958,6,11,178
2026-06-27 12:00:00+04:00,84.62462775772083,109.25860973430838,6,12,178
2026-06-27 13:00:00+04:00,81.16828409373922,259.7121341897867,6,13,178
2026-06-27 14:00:00+04:00,67.64858499269471,270.34941588826416,6,14,178
2026-06-27 15:00:00+04:00,54.10526771957155,275.5095169071061,6,15,178
2026-06-27 16:00:00+04:00,40.66713662562068,279.9312492863471,6,16,178
2026-06-27 17:00:00+04:00,27.41458162199409,284.40377743131125,6,17,178
2026-06-27 18:00:00+04:00,14.457041317750765,289.30712749127946,6,18,178
2026-06-27 19:00:00+04:00,2.113048619272535,294.9868129436412,6,19,178
2026-06-28 06:00:00+04:00,5.183281472336608,66.60195657849931,6,6,179
2026-06-28 07:00:00+04:00,17.773208695832505,72.04919109901931,6,7,179
2026-06-28 08:00:00+04:00,30.822029939407173,76.81626832131434,6,8,179
2026-06-28 09:00:00+04:00,44.13207076775505,81.24528180065425,6,9,179
2026-06-28 10:00:00+04:00,57.6056034973142,85.76821864255714,6,10,179
2026-06-28 11:00:00+04:00,71.16180895911214,91.51175249214134,6,11,179
2026-06-28 12:00:00+04:00,84.56447195842443,109.5128249082822,6,12,179
2026-06-28 13:00:00+04:00,81.20275640625492,259.3531292947069,6,13,179
2026-06-28 14:00:00+04:00,67.68715878336141,270.21142613195127,6,14,179
2026-06-28 15:00:00+04:00,54.14246285536475,275.4180051903328,6,15,179
2026-06-28 16:00:00+04:00,40.70168425874834,279.85796426216166,6,16,179
2026-06-28 17:00:00+04:00,27.44560536841492,284.33865162819836,6,17,179
2026-06-28 18:00:00+04:00,14.483547026392515,289.2449836974704,6,18,179
2026-06-28 19:00:00+04:00,2.132552155929243,294.9242069390509,6,19,179
2026-06-29 06:00:00+04:00,5.121566379241658,66.62697938351664,6,6,180
2026-06-29 07:00:00+04:00,17.712421926964097,72.08118871578245,6,7,180
2026-06-29 08:00:00+04:00,30.76333804474986,76.85690837427569,6,8,180
2026-06-29 09:00:00+04:00,44.07537887780598,81.29883037592998,6,9,180
2026-06-29 10:00:00+04:00,57.55054508831921,85.8448484397585,6,10,180
2026-06-29 11:00:00+04:00,71.1072412003937,91.6417912502738,6,11,180
2026-06-29 12:00:00+04:00,84.50234686123702,109.82985897595313,6,12,180
2026-06-29 13:00:00+04:00,81.23443349557678,258.94964743274267,6,13,180
2026-06-29 14:00:00+04:00,67.72370314351603,270.0557448096215,6,14,180
2026-06-29 15:00:00+04:00,54.1775244682587,275.31524432233476,6,15,180
2026-06-29 16:00:00+04:00,40.733823798800394,279.776177808889,6,16,180
2026-06-29 17:00:00+04:00,27.473861521054953,284.26646625801004,6,17,180
2026-06-29 18:00:00+04:00,14.506861000877803,289.17661392898924,6,18,180
2026-06-29 19:00:00+04:00,2.148603840219782,294.8558929754531,6,19,180
2026-06-30 06:00:00+04:00,5.057753253123795,66.65846413177712,6,6,181
2026-06-30 07:00:00+04:00,17.650014403954394,72.12009366784787,6,7,181
2026-06-30 08:00:00+04:00,30.703476456516672,76.90529007859982,6,8,181
2026-06-30 09:00:00+04:00,44.01788392883116,81.36166728149465,6,9,181
2026-06-30 10:00:00+04:00,57.49494446832331,85.93386236923743,6,10,181
2026-06-30 11:00:00+04:00,71.0521636490255,91.79199994867258,6,11,181
2026-06-30 12:00:00+04:00,84.4382203571056,110.20734175398047,6,12,181
2026-06-30 13:00:00+04:00,81.26311868699175,258.50183523611577,6,13,181
2026-06-30 14:00:00+04:00,67.75810564784175,269.882416047911,6,14,181
2026-06-30 15:00:00+04:00,54.21036239726018,275.201280091413,6,15,181
2026-06-30 16:00:00+04:00,40.76347738524961,279.68593538896073,6,16,181
2026-06-30 17:00:00+04:00,27.49928164173446,284.1872670560326,6,17,181
2026-06-30 18:00:00+04:00,14.526923535099302,289.10206531291556,6,18,181
2026-06-30 19:00:00+04:00,2.1611509888366025,294.7819207173371,6,19,181
2026-07-01 06:00:00+04:00,4.991912602854681,66.69641722082167,7,6,182
2026-07-01 07:00:00+04:00,17.586051886821952,72.1659004716638,7,7,182
2026-07-01 08:00:00+04:00,30.64250638169477,76.96139466225287,7,8,182
2026-07-01 09:00:00+04:00,43.95964016186764,81.43375439612447,7,9,182
2026-07-01 10:00:00+04:00,57.43884450921065,86.03518320083953,7,10,182
2026-07-01 11:00:00+04:00,70.99659596192261,91.96216834832092,7,11,182
2026-07-01 12:00:00+04:00,84.37204159568769,110.6428693092302,7,12,182
2026-07-01 13:00:00+04:00,81.2886033394406,258.0099615746916,7,13,182
2026-07-01 14:00:00+04:00,67.79025003893234,269.69149845762394,7,14,182
2026-07-01 15:00:00+04:00,54.24088507834517,275.0761641231251,7,15,182
2026-07-01 16:00:00+04:00,40.79056698101014,279.58728569293015,7,16,182
2026-07-01 17:00:00+04:00,27.52179790598865,284.1011017163056,7,17,182
2026-07-01 18:00:00+04:00,14.54367611908362,289.0213860955569,7,18,182
2026-07-01 19:00:00+04:00,2.1701435616746068,294.7023402321608,7,19,182
2026-07-02 06:00:00+04:00,4.924114121516867,66.74084343317338,7,6,183
2026-07-02 07:00:00+04:00,17.5205984927442,72.218601853542,7,7,183
2026-07-02 08:00:00+04:00,30.580486635693717,77.02520141122818,7,8,183
2026-07-02 09:00:00+04:00,43.900698495782486,81.51505148697413,7,9,183
2026-07-02 10:00:00+04:00,57.38228338401047,86.14873135339735,7,10,183
2026-07-02 11:00:00+04:00,70.94055033661002,92.15208303818474,7,11,183
2026-07-02 12:00:00+04:00,84.30374228468456,111.1340079297238,7,12,183
2026-07-02 13:00:00+04:00,81.31066764602234,257.4744286140025,7,13,183
2026-07-02 14:00:00+04:00,67.82001649110319,269.4830661001812,7,14,183
2026-07-02 15:00:00+04:00,54.268999752858726,274.9399541694271,7,15,183
2026-07-02 16:00:00+04:00,40.81501455579635,279.48028076704946,7,16,183
2026-07-02 17:00:00+04:00,27.541343270417862,284.0080199577031,7,17,183
2026-07-02 18:00:00+04:00,14.557061591246255,288.93462568003815,7,18,183
2026-07-02 19:00:00+04:00,2.1755343097003075,294.6172020119295,7,19,183
2026-07-03 06:00:00+04:00,4.854426701879082,66.79174581414895,7,6,184
2026-07-03 07:00:00+04:00,17.453716704347016,72.27818863865991,7,7,184
2026-07-03 08:00:00+04:00,30.51747365914531,77.09668756667219,7,8,184
2026-07-03 09:00:00+04:00,43.84110655882694,81.60551610776554,7,9,184
2026-07-03 10:00:00+04:00,57.32529462775985,86.27442477572293,7,10,184
2026-07-03 11:00:00+04:00,70.88403167236692,92.36152717189583,7,11,184
2026-07-03 12:00:00+04:00,84.2332381582929,111.67829632285873,7,12,184
2026-07-03 13:00:00+04:00,81.32908147096276,256.8957834113881,7,13,184
2026-07-03 14:00:00+04:00,67.84728177542962,269.257209747881,7,14,184
2026-07-03 15:00:00+04:00,54.294612562003074,274.7927145896267,7,15,184
2026-07-03 16:00:00+04:00,40.83674215707905,279.36497629561484,7,16,184
2026-07-03 17:00:00+04:00,27.557851527120825,283.90807373201756,7,17,184
2026-07-03 18:00:00+04:00,14.56702418643336,288.84183480267063,7,18,184
2026-07-03 19:00:00+04:00,2.17727883890274,294.52655714126314,7,19,184
2026-07-04 06:00:00+04:00,4.782918663894692,66.8491255608302,7,6,185
2026-07-04 07:00:00+04:00,17.38546760124527,72.34464963469338,7,7,185
2026-07-04 08:00:00+04:00,30.453521757591258,77.17582819705416,7,8,185
2026-07-04 09:00:00+04:00,43.7809089485406,81.70510344934388,7,9,185
2026-07-04 10:00:00+04:00,57.2679074347109,86.41217874150578,7,10,185
2026-07-04 11:00:00+04:00,70.82703797596939,92.5902800187406,7,11,185
2026-07-04 12:00:00+04:00,84.16043071354453,112.2732471802023,7,12,185
2026-07-04 13:00:00+04:00,81.34360514863675,256.2747299334922,7,13,185
2026-07-04 14:00:00+04:00,67.87191923317957,269.01403846622713,7,14,185
2026-07-04 15:00:00+04:00,54.31762844033361,274.6345170438035,7,15,185
2026-07-04 16:00:00+04:00,40.85567176845098,279.24143206407985,7,16,185
2026-07-04 17:00:00+04:00,27.571257153151592,283.80131760087227,7,17,185
2026-07-04 18:00:00+04:00,14.573509385209848,288.743065881849,7,18,185
2026-07-04 19:00:00+04:00,2.175335511447391,294.4304576501459,7,19,185
2026-07-05 06:00:00+04:00,4.709658265131312,66.91298195117787,7,6,186
2026-07-05 07:00:00+04:00,17.31591138011212,72.41797152918514,7,7,186
2026-07-05 08:00:00+04:00,30.388683637510457,77.26259606356496,7,8,186
2026-07-05 09:00:00+04:00,43.72014778581079,81.81376615631149,7,9,186
2026-07-05 10:00:00+04:00,57.2101472537265,86.56190557234447,7,10,186
2026-07-05 11:00:00+04:00,70.76956106609366,92.83811635979163,7,11,186
2026-07-05 12:00:00+04:00,84.08520925155494,112.91634877007237,7,12,186
2026-07-05 13:00:00+04:00,81.35399020829877,255.6121414684485,7,13,186
2026-07-05 14:00:00+04:00,67.8937985167979,268.7536815850411,7,14,186
2026-07-05 15:00:00+04:00,54.33795076016499,274.4654414445942,7,15,186
2026-07-05 16:00:00+04:00,40.871724933122785,279.1097126322035,7,16,186
2026-07-05 17:00:00+04:00,27.581494928611626,283.68780930943115,7,17,186
2026-07-05 18:00:00+04:00,14.576463542163875,288.6383735659661,7,18,186
2026-07-05 19:00:00+04:00,2.1696651617430978,294.32895708126557,7,19,186
2026-07-06 06:00:00+04:00,4.634714483378621,66.98331228468692,7,6,187
2026-07-06 07:00:00+04:00,17.245108164241522,72.49813877714257,7,7,187
2026-07-06 08:00:00+04:00,30.323011226277796,77.356961449251,7,8,187
2026-07-06 09:00:00+04:00,43.658863554404135,81.93145407875159,7,9,187
2026-07-06 10:00:00+04:00,57.15203666081703,86.72351424804623,7,10,187
2026-07-06 11:00:00+04:00,70.71158756118557,93.10480568400232,7,11,187
2026-07-06 12:00:00+04:00,84.00745321016845,113.60506685508955,7,12,187
2026-07-06 13:00:00+04:00,81.35998008993816,254.90907329255793,7,13,187
2026-07-06 14:00:00+04:00,67.91278514577506,268.4762911210858,7,14,187
2026-07-06 15:00:00+04:00,54.3554807813132,274.28557720099116,7,15,187
2026-07-06 16:00:00+04:00,40.884822179278366,278.9698882442834,7,16,187
2026-07-06 17:00:00+04:00,27.588499369547126,283.5676105735145,7,17,187
2026-07-06 18:00:00+04:00,14.575833351285093,288.52781548672203,7,18,187
2026-07-06 19:00:00+04:00,2.1602306912620524,294.22211126819707,7,19,187
2026-07-07 06:00:00+04:00,4.55815801421191,67.0601117769628,7,6,188
2026-07-07 07:00:00+04:00,17.173119018471517,72.585133416161,7,7,188
2026-07-07 08:00:00+04:00,30.256556691374428,77.45889189210584,7,8,188
2026-07-07 09:00:00+04:00,43.59709613008801,82.05811389397547,7,9,188
2026-07-07 10:00:00+04:00,57.09359642402985,86.89690983475384,7,10,188
2026-07-07 11:00:00+04:00,70.65310005854246,93.39011108837718,7,11,188
2026-07-07 12:00:00+04:00,83.92703469733098,114.33684683430903,7,12,188
2026-07-07 13:00:00+04:00,81.36131098403358,254.16677525537028,7,13,188
2026-07-07 14:00:00+04:00,67.92874000113302,268.18204467314524,7,14,188
2026-07-07 15:00:00+04:00,54.3701170251319,274.0950247623218,7,15,188
2026-07-07 16:00:00+04:00,40.894882377498604,278.8220359694683,7,16,188
2026-07-07 17:00:00+04:00,27.592204103599336,283.44078806418406,7,17,188
2026-07-07 18:00:00+04:00,14.571565263047509,288.4114531969795,7,18,188
2026-07-07 19:00:00+04:00,2.146996647351004,294.1099792937328,7,19,188
2026-07-08 06:00:00+04:00,4.480062361908003,67.14337334028335,7,6,189
2026-07-08 07:00:00+04:00,17.10000705715898,72.67893475861536,7,7,189
2026-07-08 08:00:00+04:00,30.189373540569324,77.56835177785814,7,8,189
2026-07-08 09:00:00+04:00,43.5348858820108,82.19368856033975,7,9,189
2026-07-08 10:00:00+04:00,57.034846625465214,87.08199269067791,7,10,189
2026-07-08 11:00:00+04:00,70.59407837468099,93.69378784538856,7,11,189
2026-07-08 12:00:00+04:00,83.84382109895478,115.10911607013401,7,12,189
2026-07-08 13:00:00+04:00,81.35771293505542,253.386703592807,7,13,189
2026-07-08 14:00:00+04:00,67.94151889155755,267.8711487005248,7,14,189
2026-07-08 15:00:00+04:00,54.38175470292409,273.8938973980595,7,15,189
2026-07-08 16:00:00+04:00,40.90182215220253,278.6662410126101,7,16,189
2026-07-08 17:00:00+04:00,27.592541304261683,283.3074145282351,7,17,189
2026-07-08 18:00:00+04:00,14.563604970165054,288.2893532221873,7,18,189
2026-07-08 19:00:00+04:00,2.129928889033559,293.9926245471036,7,19,189
2026-07-09 06:00:00+04:00,4.4005048974938905,67.23308726429508,7,6,190
2026-07-09 07:00:00+04:00,17.025838507981344,72.77951898871083,7,7,190
2026-07-09 08:00:00+04:00,30.121517670764796,77.68530184173272,7,8,190
2026-07-09 09:00:00+04:00,43.47227471476753,82.33811667938721,7,9,190
2026-07-09 10:00:00+04:00,56.97580773028767,87.27865757977986,7,10,190
2026-07-09 11:00:00+04:00,70.53450073647478,94.01558187995028,7,11,190
2026-07-09 12:00:00+04:00,83.75767763276275,115.9192871673506,7,12,190
2026-07-09 13:00:00+04:00,81.34891129066104,252.57053060054113,7,13,190
2026-07-09 14:00:00+04:00,67.95097228282025,267.5438418323404,7,14,190
2026-07-09 15:00:00+04:00,54.390285276182986,273.68232298356656,7,15,190
2026-07-09 16:00:00+04:00,40.905555412794264,278.50259800921435,7,16,190
2026-07-09 17:00:00+04:00,27.589441240228044,283.16756987527725,7,17,190
2026-07-09 18:00:00+04:00,14.55189700096995,288.1615880630327,7,18,190
2026-07-09 19:00:00+04:00,2.1089943636726742,293.87011571464836,7,19,190
2026-07-10 06:00:00+04:00,4.319567724960957,67.32924094616493,7,6,191
2026-07-10 07:00:00+04:00,16.950683585941697,72.88685884255062,7,7,191
2026-07-10 08:00:00+04:00,30.053048224012976,77.80969879202246,7,8,191
2026-07-10 09:00:00+04:00,43.409306924128686,82.49133204051213,7,9,191
2026-07-10 10:00:00+04:00,56.91650146686474,87.48679307255696,7,10,191
2026-07-10 11:00:00+04:00,70.47434479221866,94.35522880179042,7,11,191
2026-07-10 12:00:00+04:00,83.66846964717648,116.76476385275868,7,12,191
2026-07-10 13:00:00+04:00,81.33462846789166,251.72014994913633,7,13,191
2026-07-10 14:00:00+04:00,67.95694521705032,267.2003974847689,7,14,191
2026-07-10 15:00:00+04:00,54.3955961795953,273.4604453220833,7,15,191
2026-07-10 16:00:00+04:00,40.9059930298561,278.3312119340971,7,16,191
2026-07-10 17:00:00+04:00,27.58283194236443,283.0213419117693,7,17,191
2026-07-10 18:00:00+04:00,14.53638440077144,288.02823685308107,7,18,191
2026-07-10 19:00:00+04:00,2.084160949053537,293.74252741812325,7,19,191
2026-07-11 06:00:00+04:00,4.237338120126785,67.43181890834063,7,6,192
2026-07-11 07:00:00+04:00,16.8746169526227,73.00092364033611,7,7,192
2026-07-11 08:00:00+04:00,29.984028047104335,77.94149537252184,7,8,192
2026-07-11 09:00:00+04:00,43.34602966553754,82.653263736648,7,9,192
2026-07-11 10:00:00+04:00,56.85695133081966,87.70628176411645,7,10,192
2026-07-11 11:00:00+04:00,70.41358823848263,94.71245434036575,7,11,192
2026-07-11 12:00:00+04:00,83.57606437308644,117.64295116046969,7,12,192
2026-07-11 13:00:00+04:00,81.31458600404174,250.8376747988581,7,13,192
2026-07-11 14:00:00+04:00,67.9592774770245,266.84112482413093,7,14,192
2026-07-11 15:00:00+04:00,54.39757076032741,273.2284243966576,7,15,192
2026-07-11 16:00:00+04:00,40.90304269353292,278.1521981604999,7,16,192
2026-07-11 17:00:00+04:00,27.57263901982006,282.86882632388733,7,17,192
2026-07-11 18:00:00+04:00,14.517008519009972,287.889385304283,7,18,192
2026-07-11 19:00:00+04:00,2.055397363409572,293.60994014175435,7,19,192
2026-07-12 06:00:00+04:00,4.153908284424888,67.54080327386748,7,6,193
2026-07-12 07:00:00+04:00,16.797717499122687,73.12167985659039,7,7,193
2026-07-12 08:00:00+04:00,29.91452349733131,78.0806410741244,7,8,193
2026-07-12 09:00:00+04:00,43.282492790336455,82.82383710471885,7,9,193
2026-07-12 10:00:00+04:00,56.79718247153375,87.93700163633162,7,10,193
2026-07-12 11:00:00+04:00,70.35220881642,95.08697665167756,7,11,193
2026-07-12 12:00:00+04:00,83.48033180672324,118.55126987781756,7,12,193
2026-07-12 13:00:00+04:00,81.28850688826769,249.92542661629074,7,13,193
2026-07-12 14:00:00+04:00,67.95780411444714,266.46636740696954,7,14,193
2026-07-12 15:00:00+04:00,54.396088568773585,272.9864351519798,7,15,193
2026-07-12 16:00:00+04:00,40.89660909662894,277.96568137122034,7,16,193
2026-07-12 17:00:00+04:00,27.558785757754592,282.71012566261965,7,17,193
2026-07-12 18:00:00+04:00,14.493709019694023,287.7451247208815,7,18,193
2026-07-12 19:00:00+04:00,2.022673241578774,293.4724392396795,7,19,193
2026-07-13 06:00:00+04:00,4.069374246787602,67.6561745934381,7,6,194
2026-07-13 07:00:00+04:00,16.720067286343717,73.24909211941264,7,7,194
2026-07-13 08:00:00+04:00,29.84460342805506,78.22708336671246,7,8,194
2026-07-13 09:00:00+04:00,43.21874787826788,83.00297531928152,7,9,194
2026-07-13 10:00:00+04:00,56.737220774090446,88.17882829659487,7,10,194
2026-07-13 11:00:00+04:00,70.29018348354494,95.47850995127078,7,11,194
2026-07-13 12:00:00+04:00,83.38114456573733,119.48717222965098,7,12,194
2026-07-13 13:00:00+04:00,81.25611825946439,248.9859148129043,7,13,194
2026-07-13 14:00:00+04:00,67.95235650888335,266.0764997317967,7,14,194
2026-07-13 15:00:00+04:00,54.391026186466966,272.7346650050232,7,15,194
2026-07-13 16:00:00+04:00,40.88659463779359,277.77179349643825,7,16,194
2026-07-13 17:00:00+04:00,27.541193707742497,282.5453474900171,7,17,194
2026-07-13 18:00:00+04:00,14.46642434612537,287.59555022954635,7,18,194
2026-07-13 19:00:00+04:00,1.9859596137720108,293.3301131634425,7,19,194
2026-07-14 06:00:00+04:00,3.9838340203408924,67.7779126060505,7,6,195
2026-07-14 07:00:00+04:00,16.641749719185963,73.38312417758931,7,7,195
2026-07-14 08:00:00+04:00,29.77433741019821,78.38076891731254,7,8,195
2026-07-14 09:00:00+04:00,43.15484651152009,83.19060097649145,7,9,195
2026-07-14 10:00:00+04:00,56.67709118685146,88.43163717534071,7,10,195
2026-07-14 11:00:00+04:00,70.22748682426642,95.8867678898726,7,11,195
2026-07-14 12:00:00+04:00,83.27837693676926,120.44815377641305,7,12,195
2026-07-14 13:00:00+04:00,81.21715457582303,248.02181008224755,7,13,195
2026-07-14 14:00:00+04:00,67.94276406977917,265.671922994753,7,14,195
2026-07-14 15:00:00+04:00,54.38225869987323,272.4733109691002,7,15,195
2026-07-14 16:00:00+04:00,40.87290077453442,277.5706713791824,7,16,195
2026-07-14 17:00:00+04:00,27.519783923811058,282.37460229586077,7,17,195
2026-07-14 18:00:00+04:00,14.435092828604267,287.4407587869388,7,18,195
2026-07-14 19:00:00+04:00,1.9452299999667122,293.1830514512582,7,19,195
2026-07-15 06:00:00+04:00,3.8973854299321617,67.90599640770233,7,6,196
2026-07-15 07:00:00+04:00,16.562847340413384,73.52373925106008,7,7,196
2026-07-15 08:00:00+04:00,29.703793556544763,78.54164412250714,7,8,196
2026-07-15 09:00:00+04:00,43.09083813381098,83.38663683960732,7,9,196
2026-07-15 10:00:00+04:00,56.616815630077475,88.69530455489422,7,10,196
2026-07-15 11:00:00+04:00,70.16408905165262,96.31146482170453,7,11,196
2026-07-15 12:00:00+04:00,83.17190368406847,121.43175734841293,7,12,196
2026-07-15 13:00:00+04:00,81.1713612353948,247.03591579254964,7,13,196
2026-07-15 14:00:00+04:00,67.92885648166778,265.25306180446364,7,14,196
2026-07-15 15:00:00+04:00,54.36966173330439,272.20257753701645,7,15,196
2026-07-15 16:00:00+04:00,40.85542994632556,277.36245506284496,7,16,196
2026-07-15 17:00:00+04:00,27.49447879521549,282.1980019510716,7,17,196
2026-07-15 18:00:00+04:00,14.399654407201178,287.2808476747093,7,18,196
2026-07-15 19:00:00+04:00,1.9004621384817475,293.03134316451616,7,19,196
2026-07-16 06:00:00+04:00,3.810124135147764,68.04040373348857,7,6,197
2026-07-16 07:00:00+04:00,16.483439776408844,73.67089943762318,7,7,197
2026-07-16 08:00:00+04:00,29.633036457931073,78.70965457236605,7,8,197
2026-07-16 09:00:00+04:00,43.026768001629954,83.59100528399608,7,9,197
2026-07-16 10:00:00+04:00,56.556410983448366,88.96970681814634,7,10,197
2026-07-16 11:00:00+04:00,70.09995412999682,96.7523140629329,7,11,197
2026-07-16 12:00:00+04:00,83.06159926950752,122.43556869647813,7,12,197
2026-07-16 13:00:00+04:00,81.11849842936887,246.03114066133108,7,13,197
2026-07-16 14:00:00+04:00,67.9104662013533,264.8203629599883,7,14,197
2026-07-16 15:00:00+04:00,54.353113708688696,271.92267603278054,7,15,197
2026-07-16 16:00:00+04:00,40.83408774438654,277.1472872411996,7,16,197
2026-07-16 17:00:00+04:00,27.465204152689978,282.0156591629005,7,17,197
2026-07-16 18:00:00+04:00,14.360052683644112,287.1159139040084,7,18,197
2026-07-16 19:00:00+04:00,1.8516400890090974,292.87507619169025,7,19,197
2026-07-17 06:00:00+04:00,3.722142251485991,68.18110955597604,7,6,198
2026-07-17 07:00:00+04:00,16.403602239585855,73.82456436853442,7,7,198
2026-07-17 08:00:00+04:00,29.56212564889031,78.88474365909104,7,8,198
2026-07-17 09:00:00+04:00,42.962675644912856,83.80362670035737,7,9,198
2026-07-17 10:00:00+04:00,56.49588759099161,89.25471829577947,7,10,198
2026-07-17 11:00:00+04:00,70.03503845735432,97.20902388119669,7,11,198
2026-07-17 12:00:00+04:00,82.94733787181268,123.45720815382629,7,12,198
2026-07-17 13:00:00+04:00,81.05834480489774,245.0104730343656,7,13,198
2026-07-17 14:00:00+04:00,67.88743077230323,264.3742960342659,7,14,198
2026-07-17 15:00:00+04:00,54.33249789768971,271.6338252280156,7,15,198
2026-07-17 16:00:00+04:00,40.808784874890584,276.9253137078333,7,16,198
2026-07-17 17:00:00+04:00,27.431891188938163,281.82768779263836,7,17,198
2026-07-17 18:00:00+04:00,14.316236810364982,286.94605442017144,7,18,198
2026-07-17 19:00:00+04:00,1.7987562392733654,292.71433733223193,7,19,198
2026-07-18 06:00:00+04:00,3.6335276281309006,68.32808459998716,7,6,199
2026-07-18 07:00:00+04:00,16.32340470344008,73.98468975182942,7,7,199
2026-07-18 08:00:00+04:00,29.491114743737427,79.06685104137932,7,8,199
2026-07-18 09:00:00+04:00,42.898594000926536,84.02441771424049,7,9,199
2026-07-18 10:00:00+04:00,56.435248439356535,89.55020886748412,7,10,199
2026-07-18 11:00:00+04:00,69.96929025305585,97.68129318184629,7,11,199
2026-07-18 12:00:00+04:00,82.82899412706585,124.49432460756537,7,12,199
2026-07-18 13:00:00+04:00,80.99070046185706,243.9769545567754,7,13,199
2026-07-18 14:00:00+04:00,67.8595945854827,263.9153543500386,7,14,199
2026-07-18 15:00:00+04:00,54.30770389562314,271.33625228476893,7,15,199
2026-07-18 16:00:00+04:00,40.77943853355081,276.69668408034096,7,16,199
2026-07-18 17:00:00+04:00,27.39447778542901,281.6342034281149,7,17,199
2026-07-18 18:00:00+04:00,14.268162790639614,286.771366563848,7,18,199
2026-07-18 19:00:00+04:00,1.7418127808659982,292.5492126615546,7,19,199
2026-07-19 06:00:00+04:00,3.5443635813612433,68.48129442008388,7,6,200
2026-07-19 07:00:00+04:00,16.242911578155176,74.15122648048032,7,7,200
2026-07-19 08:00:00+04:00,29.42005110593135,79.25591171749852,7,8,200
2026-07-19 09:00:00+04:00,42.834549102435886,84.25329011753138,7,9,200
2026-07-19 10:00:00+04:00,56.37448891476396,89.85604251274685,7,10,200
2026-07-19 11:00:00+04:00,69.9026495257986,98.1688088259881,7,11,200
2026-07-19 12:00:00+04:00,82.70644421749455,125.54459641276634,7,12,200
2026-07-19 13:00:00+04:00,80.91538896410833,242.93365077724712,7,13,200
2026-07-19 14:00:00+04:00,67.82680992072396,263.4440548306509,7,14,200
2026-07-19 15:00:00+04:00,54.27862836520805,271.0301930411594,7,15,200
2026-07-19 16:00:00+04:00,40.745973032037945,276.46155205270145,7,16,200
2026-07-19 17:00:00+04:00,27.35290907365069,281.4353235879845,7,17,200
2026-07-19 18:00:00+04:00,14.215793993143937,286.59194823702967,7,18,200
2026-07-19 19:00:00+04:00,1.680822449992764,292.37978766427864,7,19,200
2026-07-20 06:00:00+04:00,3.4547288317510136,68.64069934005397,7,6,201
2026-07-20 07:00:00+04:00,16.162181657311955,74.3241206188136,7,7,201
2026-07-20 08:00:00+04:00,29.34897583028869,79.45185604360574,7,8,201
2026-07-20 09:00:00+04:00,42.770560114863066,84.49015090164164,7,9,201
2026-07-20 10:00:00+04:00,56.31359691855188,90.17207729753613,7,10,201
2026-07-20 11:00:00+04:00,69.83504838669603,98.67124530633049,7,11,201
2026-07-20 12:00:00+04:00,82.5795669375205,126.60573968902679,7,12,201
2026-07-20 13:00:00+04:00,80.8322583023664,241.8836183933375,7,13,201
2026-07-20 14:00:00+04:00,67.78893731999857,262.9609361553356,7,14,201
2026-07-20 15:00:00+04:00,54.245175133921826,270.71589127548543,7,15,201
2026-07-20 16:00:00+04:00,40.70831977427481,276.2200749054615,7,16,201
2026-07-20 17:00:00+04:00,27.307137325622083,281.23116733995187,7,17,201
2026-07-20 18:00:00+04:00,14.15910097363527,286.40789758404594,7,18,201
2026-07-20 19:00:00+04:00,1.6158086174647965,292.20614696115877,7,19,201
2026-07-21 06:00:00+04:00,3.364697522244761,68.80625507929153,7,6,202
2026-07-21 07:00:00+04:00,16.081268199044494,74.50331407680198,7,7,202
2026-07-21 08:00:00+04:00,29.277923900393276,79.65461048011986,7,8,202
2026-07-21 09:00:00+04:00,42.70663956766406,84.73490311668337,7,9,202
2026-07-21 10:00:00+04:00,56.25255318670029,90.49816641244132,7,10,202
2026-07-21 11:00:00+04:00,69.76641153932596,99.18826609258332,7,11,202
2026-07-21 12:00:00+04:00,82.44824461649074,127.67552097730356,7,12,202
2026-07-21 13:00:00+04:00,80.74118103082635,240.82987127135195,7,13,202
2026-07-21 14:00:00+04:00,67.74584550974967,262.46655579601554,7,14,202
2026-07-21 15:00:00+04:00,54.207254868077456,270.39359732867945,7,15,202
2026-07-21 16:00:00+04:00,40.66641681179672,275.97241257101354,7,16,202
2026-07-21 17:00:00+04:00,27.257121427709897,281.0218545811334,7,17,202
2026-07-21 18:00:00+04:00,14.098060882602205,286.2193124047217,7,18,202
2026-07-21 19:00:00+04:00,1.5468050170387766,292.02837382179354,7,19,202
2026-07-22 06:00:00+04:00,3.274339358834645,68.97791363179124,7,6,203
2026-07-22 07:00:00+04:00,16.000219145803165,74.68874551074128,7,7,203
2026-07-22 08:00:00+04:00,29.206924493801758,79.86409855194597,7,8,203
2026-07-22 09:00:00+04:00,42.64279374009298,84.98744694725076,7,9,203
2026-07-22 10:00:00+04:00,56.1913317658166,90.83415945624773,7,10,203
2026-07-22 11:00:00+04:00,69.69665691429715,99.7195253485059,7,11,203
2026-07-22 12:00:00+04:00,82.31236399106791,128.75177039558702,7,12,203
2026-07-22 13:00:00+04:00,80.64205388651925,239.77534838438942,7,13,203
2026-07-22 14:00:00+04:00,67.69741110576861,261.9614870098093,7,14,203
2026-07-22 15:00:00+04:00,54.16478455614949,270.0635667662868,7,15,203
2026-07-22 16:00:00+04:00,40.62020822639281,275.7187267620939,7,16,203
2026-07-22 17:00:00+04:00,27.20282619597264,280.8075053986039,7,17,203
2026-07-22 18:00:00+04:00,14.032656728026149,286.02628966555574,7,18,203
2026-07-22 19:00:00+04:00,1.473855376608259,291.84654979448203,7,19,203
2026-07-23 06:00:00+04:00,3.1837199267267757,69.15562402460324,7,6,204
2026-07-23 07:00:00+04:00,15.919077519780002,74.88035107372173,7,7,204
2026-07-23 08:00:00+04:00,29.13600145226249,80.08024161881224,7,8,204
2026-07-23 09:00:00+04:00,42.57902319952149,85.24768053915756,7,9,204
2026-07-23 10:00:00+04:00,56.12990062165835,91.17990336462157,7,10,204
2026-07-23 11:00:00+04:00,69.62569643500758,100.2646690989568,7,11,204
2026-07-23 12:00:00+04:00,82.17181713116848,129.83239297464849,7,12,204
2026-07-23 13:00:00+04:00,80.5347971462699,238.72288571027298,7,13,204
2026-07-23 14:00:00+04:00,67.64351827216792,261.44631646492644,7,14,204
2026-07-23 15:00:00+04:00,54.11768696214863,269.7260594951912,7,15,204
2026-07-23 16:00:00+04:00,40.569643500858746,275.4591804610879,7,16,204
2026-07-23 17:00:00+04:00,27.144221697944502,280.5882397419857,7,17,204
2026-07-23 18:00:00+04:00,13.962876672128283,285.8289252950801,7,18,204
2026-07-23 19:00:00+04:00,1.3970131136246222,291.6607546082847,7,19,204
2026-07-24 06:00:00+04:00,3.09290114304686,69.33933284272752,7,6,205
2026-07-24 07:00:00+04:00,15.837881937746882,75.07806491294554,7,7,205
2026-07-24 08:00:00+04:00,29.06517384917128,80.30295936005399,7,8,205
2026-07-24 09:00:00+04:00,42.51532342222754,85.51550048680144,7,9,205
2026-07-24 10:00:00+04:00,56.06822232886663,91.53524290229439,7,10,205
2026-07-24 11:00:00+04:00,69.55343686065618,100.82333575677404,7,11,205
2026-07-24 12:00:00+04:00,82.02650237917472,130.91537786538487,7,12,205
2026-07-24 13:00:00+04:00,80.41935384239821,237.67519228251345,7,13,205
2026-07-24 14:00:00+04:00,67.58405842391969,260.9216424271548,7,14,205
2026-07-24 15:00:00+04:00,54.065890130335085,269.38133927058226,7,15,205
2026-07-24 16:00:00+04:00,40.514676947783265,275.193937706017,7,16,205
2026-07-24 17:00:00+04:00,27.081282649944253,280.3641773365558,7,17,205
2026-07-24 18:00:00+04:00,13.888713416270189,285.6273141869809,7,18,205
2026-07-24 19:00:00+04:00,1.316341120882396,291.4710662579572,7,19,205
2026-07-25 06:00:00+04:00,3.0019417166716766,69.52898461072937,7,6,206
2026-07-25 07:00:00+04:00,15.75666711140769,75.28181952113437,7,7,206
2026-07-25 08:00:00+04:00,28.994456531347605,80.53217010891427,7,8,206
2026-07-25 09:00:00+04:00,42.45168537185176,85.79080215231562,7,9,206
2026-07-25 10:00:00+04:00,56.00625470238178,91.9000209495544,7,10,206
2026-07-25 11:00:00+04:00,69.47978057150405,101.39515638952577,7,11,206
2026-07-25 12:00:00+04:00,81.87632514271003,131.99880598009418,7,12,206
2026-07-25 13:00:00+04:00,80.29568885157562,236.63482959852368,7,13,206
2026-07-25 14:00:00+04:00,67.51893001798513,260.3880730115289,7,14,206
2026-07-25 15:00:00+04:00,54.009326996233526,269.02967326575686,7,15,206
2026-07-25 16:00:00+04:00,40.45526725381126,274.9231634148858,7,16,206
2026-07-25 17:00:00+04:00,27.013987929207524,280.1354376164941,7,17,206
2026-07-25 18:00:00+04:00,13.810163701346251,285.42155020616866,7,18,206
2026-07-25 19:00:00+04:00,1.2319116145452014,291.27756107575055,7,19,206
2026-07-26 06:00:00+04:00,2.910897462144491,69.7245221259571,7,6,207
2026-07-26 07:00:00+04:00,15.675464199188497,75.4915460562118,7,7,207
2026-07-26 08:00:00+04:00,28.923860501174357,80.7677911634072,7,8,207
2026-07-26 09:00:00+04:00,42.388095916174386,86.07347997194711,7,9,207
2026-07-26 10:00:00+04:00,55.94395126153092,92.27407878611785,7,10,207
2026-07-26 11:00:00+04:00,69.40462617883499,101.97975501592805,7,11,207
2026-07-26 12:00:00+04:00,81.72119840457607,133.08085627624615,7,12,207
2026-07-26 13:00:00+04:00,80.16378787768109,235.6041937418612,7,13,207
2026-07-26 14:00:00+04:00,67.44803846973234,259.8462241327565,7,14,207
2026-07-26 15:00:00+04:00,53.947935139170134,268.67133147947726,7,15,207
2026-07-26 16:00:00+04:00,40.39137716730554,274.6470230836591,7,16,207
2026-07-26 17:00:00+04:00,26.942320230623423,279.9021395407924,7,17,207
2026-07-26 18:00:00+04:00,13.727227954945269,285.2117260733475,7,18,207
2026-07-26 19:00:00+04:00,1.1438060219291568,291.08031367013655,7,19,207
2026-07-27 06:00:00+04:00,2.8198214232705947,69.9258867543009,7,6,208
2026-07-27 07:00:00+04:00,15.594300946931572,75.70717463071026,7,7,208
2026-07-27 08:00:00+04:00,28.85339308575369,81.00973907508313,7,8,208
2026-07-27 09:00:00+04:00,42.32453802668903,86.3634277434872,7,9,208
2026-07-27 10:00:00+04:00,55.881261480076105,92.65725635625392,7,10,208
2026-07-27 11:00:00+04:00,69.32786891985428,102.57674887864812,7,11,208
2026-07-27 12:00:00+04:00,81.5610429353643,134.159810316904,7,12,208
2026-07-27 13:00:00+04:00,80.02365637306757,234.58550032979406,7,13,208
2026-07-27 14:00:00+04:00,67.37129622512303,259.2967171508619,7,14,208
2026-07-27 15:00:00+04:00,53.88165671529692,268.3065859839045,7,15,208
2026-07-27 16:00:00+04:00,40.322973371461224,274.3656823662749,7,16,208
2026-07-27 17:00:00+04:00,26.866265910107998,279.66440130366294,7,17,208
2026-07-27 18:00:00+04:00,13.639910114308531,284.99793314746336,7,18,208
2026-07-27 19:00:00+04:00,1.052114860446662,290.87939675341704,7,19,208
2026-07-28 06:00:00+04:00,2.7287638306561117,70.13301862783368,7,6,209
2026-07-28 07:00:00+04:00,15.51320165334197,75.92863451064693,7,7,209
2026-07-28 08:00:00+04:00,28.783057929149123,81.25792984544705,7,8,209
2026-07-28 09:00:00+04:00,42.26099079787379,86.66053880713741,7,9,209
2026-07-28 10:00:00+04:00,55.81813084987058,93.04939238841717,7,10,209
2026-07-28 11:00:00+04:00,69.2494008699756,103.18574848289165,7,11,209
2026-07-28 12:00:00+04:00,81.3957872952098,135.2340547888237,7,12,209
2026-07-28 13:00:00+04:00,79.87531844167383,233.58077275756574,7,13,209
2026-07-28 14:00:00+04:00,67.28862298094646,258.74017640613397,7,14,209
2026-07-28 15:00:00+04:00,53.810438564065976,267.93571013568607,7,15,209
2026-07-28 16:00:00+04:00,40.25002653305771,274.07930663460303,7,16,209
2026-07-28 17:00:00+04:00,26.785814999766234,279.42234002747665,7,17,209
2026-07-28 18:00:00+04:00,13.548217626569912,284.7802611830797,7,18,209
2026-07-28 19:00:00+04:00,0.9569374928811234,290.67488093630135,7,19,209
2026-07-29 06:00:00+04:00,2.6377719688183277,70.34585672309976,7,6,210
2026-07-29 07:00:00+04:00,15.432187035481695,76.15585419739341,7,7,210
2026-07-29 08:00:00+04:00,28.712854877280428,81.51227899633898,7,8,210
2026-07-29 09:00:00+04:00,42.19742936254722,86.96470608149144,7,9,210
2026-07-29 10:00:00+04:00,55.75450084530777,93.45032432484453,7,10,210
2026-07-29 11:00:00+04:00,69.16911107102078,103.80635735597741,7,11,210
2026-07-29 12:00:00+04:00,81.22536772212797,136.30208215636492,7,12,210
2026-07-29 13:00:00+04:00,79.71881571712672,232.59183407897424,7,13,210
2026-07-29 14:00:00+04:00,67.19994599940961,258.1772267804432,7,14,210
2026-07-29 15:00:00+04:00,53.734232416574635,267.55897783639267,7,15,210
2026-07-29 16:00:00+04:00,40.172511459754205,273.78806058268276,7,16,210
2026-07-29 17:00:00+04:00,26.700961338837164,279.176071490528,7,17,210
2026-07-29 18:00:00+04:00,13.452161560001105,284.5587981175056,7,18,210
2026-07-29 19:00:00+04:00,0.8583815387093796,290.4668345429106,7,19,210
2026-07-30 06:00:00+04:00,2.5468900385643254,70.56433886241905,7,6,211
2026-07-30 07:00:00+04:00,15.351274078915582,76.38876142797716,7,7,211
2026-07-30 08:00:00+04:00,28.64277985164703,81.77270155295395,7,8,211
2026-07-30 09:00:00+04:00,42.133824794017364,87.27582199448801,7,9,211
2026-07-30 10:00:00+04:00,55.69030888090243,93.85988811494815,7,10,211
2026-07-30 11:00:00+04:00,69.08688566021854,104.43817162823825,7,11,211
2026-07-30 12:00:00+04:00,81.04972799962518,137.36249014286443,7,12,211
2026-07-30 13:00:00+04:00,79.55420616653052,231.6203026794645,7,13,211
2026-07-30 14:00:00+04:00,67.10520040856571,257.6084913727069,7,14,211
2026-07-30 15:00:00+04:00,53.65299511824243,267.1766628723014,7,15,211
2026-07-30 16:00:00+04:00,40.09040726937902,273.49210790292307,7,16,211
2026-07-30 17:00:00+04:00,26.611702708526064,278.92570992379274,7,17,211
2026-07-30 18:00:00+04:00,13.351756722171707,284.33362992323333,7,18,211
2026-07-30 19:00:00+04:00,0.7565615992649044,290.25532349239234,7,19,211
2026-07-31 06:00:00+04:00,2.456159108543388,70.78840168220404,7,6,212
2026-07-31 07:00:00+04:00,15.270475989743721,76.62728313665332,7,7,212
2026-07-31 08:00:00+04:00,28.57282482695983,82.03911197612189,7,8,212
2026-07-31 09:00:00+04:00,42.07014411552608,87.59377834756737,7,9,212
2026-07-31 10:00:00+04:00,55.62548838165296,94.2779179200221,7,10,212
2026-07-31 11:00:00+04:00,69.00260812567554,105.08077954538106,7,11,212
2026-07-31 12:00:00+04:00,80.86881939945732,138.41398063619403,7,12,212
2026-07-31 13:00:00+04:00,79.38156278492576,230.66759197408072,7,13,212
2026-07-31 14:00:00+04:00,67.00432939585502,257.03458945620065,7,14,212
2026-07-31 15:00:00+04:00,53.56668874877125,266.78903843953236,7,15,212
2026-07-31 16:00:00+04:00,40.00369746033469,273.1916111168094,7,16,212
2026-07-31 17:00:00+04:00,26.518040879790902,278.67136794678765,7,17,212
2026-07-31 18:00:00+04:00,13.247021695342566,284.1048405985339,7,18,212
2026-07-31 19:00:00+04:00,0.6515968717282309,290.0404113250525,7,19,212
2026-08-01 06:00:00+04:00,2.365617281056829,71.017980564178,8,6,213
2026-08-01 07:00:00+04:00,15.189802368692998,76.87134535648443,8,7,213
2026-08-01 08:00:00+04:00,28.50297803229237,82.31142401246308,8,8,213
2026-08-01 09:00:00+04:00,42.006350545631264,87.91846607447172,8,9,213
2026-08-01 10:00:00+04:00,55.559969095298484,94.70424568030865,8,10,213
2026-08-01 11:00:00+04:00,68.91615982080936,105.73376087731191,8,11,213
2026-08-01 12:00:00+04:00,80.68260082983821,139.45535838073192,8,12,213
2026-08-01 13:00:00+04:00,79.20097220294134,229.7349144659874,8,13,213
2026-08-01 14:00:00+04:00,66.89728423317815,256.45613503277445,8,14,213
2026-08-01 15:00:00+04:00,53.475280577213844,266.396377041859,8,15,213
2026-08-01 16:00:00+04:00,39.91236982077379,272.88673170465205,8,16,213
2026-08-01 17:00:00+04:00,26.41998149809419,278.4131567751954,8,17,213
2026-08-01 18:00:00+04:00,13.137978722868919,283.87251242100194,8,18,213
2026-08-01 19:00:00+04:00,0.54360709309866,289.82215950082025,8,19,213
2026-08-02 06:00:00+04:00,2.275300176608119,71.2530094853305,8,6,214
2026-08-02 07:00:00+04:00,15.109259726104998,77.12087301276279,8,7,214
2026-08-02 08:00:00+04:00,28.433224497735033,82.58955040851379,8,8,214
2026-08-02 09:00:00+04:00,41.9424040781487,88.2497748227068,8,9,214
2026-08-02 10:00:00+04:00,55.49367775101805,95.13870046474057,8,10,214
2026-08-02 11:00:00+04:00,68.82742083926499,106.39668614813536,8,11,214
2026-08-02 12:00:00+04:00,80.4910393028539,140.48552972336108,8,12,214
2026-08-02 13:00:00+04:00,79.0125332703164,228.8232902412897,8,13,214
2026-08-02 14:00:00+04:00,66.78402410822973,255.87373627037147,8,14,214
2026-08-02 15:00:00+04:00,53.378742820622776,265.99895092906416,8,15,214
2026-08-02 16:00:00+04:00,39.81641613730698,272.57763066076836,8,16,214
2026-08-02 17:00:00+04:00,26.317533782002556,278.15118679962194,8,17,214
2026-08-02 18:00:00+04:00,13.024653421237174,283.63672655518957,8,18,214
2026-08-02 19:00:00+04:00,0.43270608352343026,289.60062805397547,8,19,214
2026-08-03 06:00:00+04:00,2.185241761358995,71.49342076811092,8,6,215
2026-08-03 07:00:00+04:00,15.028852366395407,77.37578959263203,8,7,215
2026-08-03 08:00:00+04:00,28.363546962669805,82.87340247390694,8,8,215
2026-08-03 09:00:00+04:00,41.87826243376177,88.5875923596243,8,9,215
2026-08-03 10:00:00+04:00,55.426539091369925,95.581107619573,8,10,215
2026-08-03 11:00:00+04:00,68.73627128276968,107.06911577483078,8,11,215
2026-08-03 12:00:00+04:00,80.29411071731421,141.50350158812182,8,12,215
2026-08-03 13:00:00+04:00,78.81635567914716,227.93355929102438,8,13,215
2026-08-03 14:00:00+04:00,66.66451579336061,255.28799582298242,8,14,215
2026-08-03 15:00:00+04:00,53.277052212885906,265.59703307372047,8,15,215
2026-08-03 16:00:00+04:00,39.71583171468463,272.26446946044405,8,16,215
2026-08-03 17:00:00+04:00,26.21071003665662,277.885568519833,8,17,215
2026-08-03 18:00:00+04:00,12.907074324713617,283.39756399073906,8,18,215
2026-08-03 19:00:00+04:00,0.3189918804926437,289.37587657950496,8,19,215
2026-08-04 06:00:00+04:00,2.09547545376381,71.73914477926178,8,6,216
2026-08-04 07:00:00+04:00,14.948583577068712,77.63601674804829,8,7,216
2026-08-04 08:00:00+04:00,28.29392708683572,83.16288956875144,8,8,216
2026-08-04 09:00:00+04:00,41.81388230891153,88.9318038970581,8,9,216
2026-08-04 10:00:00+04:00,55.35847720664315,96.03128785807007,8,10,216
2026-08-04 11:00:00+04:00,68.64259283514124,107.7505993517351,8,11,216
2026-08-04 12:00:00+04:00,80.0918008517912,142.5083809583146,8,12,216
2026-08-04 13:00:00+04:00,78.6125586516552,227.06639649405315,8,13,216
2026-08-04 14:00:00+04:00,66.53873317962727,254.69951176997273,8,14,216
2026-08-04 15:00:00+04:00,53.170189432315,265.19089849603773,8,15,216
2026-08-04 16:00:00+04:00,39.610614746743806,271.94741128756175,8,16,216
2026-08-04 17:00:00+04:00,26.099525015025524,277.61641370055975,8,17,216
2026-08-04 18:00:00+04:00,12.785272282907666,283.15510668525746,8,18,216
2026-08-04 19:00:00+04:00,0.20253210324389115,289.1479654217454,8,19,216
2026-08-05 06:00:00+04:00,2.006035360974091,71.99010964289351,8,6,217
2026-08-05 07:00:00+04:00,14.868456982203064,77.90147391582468,8,7,217
2026-08-05 08:00:00+04:00,28.224346825809853,83.45791861715571,8,8,217
2026-08-05 09:00:00+04:00,41.74922078461219,89.28229146359047,8,9,217
2026-08-05 10:00:00+04:00,55.28941703149777,96.48905646667924,8,10,217
2026-08-05 11:00:00+04:00,68.5462704900152,108.4406753356136,8,11,217
2026-08-05 12:00:00+04:00,79.884106383618,143.49937476622364,8,12,217
2026-08-05 13:00:00+04:00,78.40126971837489,226.22232782418908,8,13,217
2026-08-05 14:00:00+04:00,66.40665674996224,254.10887876449192,8,14,217
2026-08-05 15:00:00+04:00,53.05813845561679,264.7808256799674,8,15,217
2026-08-05 16:00:00+04:00,39.50076560539965,271.62662232267047,8,16,217
2026-08-05 17:00:00+04:00,25.98399520374555,277.3438365685588,8,17,217
2026-08-05 18:00:00+04:00,12.659279780343864,282.90943874174485,8,18,217
2026-08-05 19:00:00+04:00,0.08334277991072536,288.9169568948233,8,19,217
2026-08-06 06:00:00+04:00,1.9169574884676104,72.24624102308218,8,6,218
2026-08-06 07:00:00+04:00,14.78847789470133,78.1720780191971,8,7,218
2026-08-06 08:00:00+04:00,28.154789801057888,83.75839372385349,8,8,218
2026-08-06 09:00:00+04:00,41.68423673994944,89.63893342774554,8,9,218
2026-08-06 10:00:00+04:00,55.219285840309816,96.95422275828827,8,10,218
2026-08-06 11:00:00+04:00,68.4471942622813,109.13887129464956,8,11,218
2026-08-06 12:00:00+04:00,79.67103575507859,144.47578986401345,8,12,218
2026-08-06 13:00:00+04:00,78.18262359877465,225.40174651936948,8,13,218
2026-08-06 14:00:00+04:00,66.26827306846354,253.51668899625406,8,14,218
2026-08-06 15:00:00+04:00,52.94088592991309,264.36709782638053,8,15,218
2026-08-06 16:00:00+04:00,39.38628614648353,271.3022728914509,8,16,218
2026-08-06 17:00:00+04:00,25.864138108300953,277.06795488459034,8,17,218
2026-08-06 18:00:00+04:00,12.529130251640577,282.66064746126284,8,18,218
2026-08-07 06:00:00+04:00,1.8282807450107652,72.50746201972612,8,6,219
2026-08-07 07:00:00+04:00,14.708654488024647,78.44774331158135,8,7,219
2026-08-07 08:00:00+04:00,28.08524249425929,84.0642159733078,8,8,219
2026-08-07 09:00:00+04:00,41.61889207582348,90.00160426064281,8,9,219
2026-08-07 10:00:00+04:00,55.1480145504459,97.42658988815901,8,10,219
2026-08-07 11:00:00+04:00,68.34526067055678,109.84470481789549,8,11,219
2026-08-07 12:00:00+04:00,79.45260969724559,145.43703265562732,8,12,219
2026-08-07 13:00:00+04:00,77.95676117871325,224.604927972683,8,13,219
2026-08-07 14:00:00+04:00,66.12357435538266,252.9235325216243,8,14,219
2026-08-07 15:00:00+04:00,52.818420656374236,263.95000364632847,8,15,219
2026-08-07 16:00:00+04:00,39.26717912063283,270.97453824440436,8,16,219
2026-08-07 17:00:00+04:00,25.73997163980483,276.7888906819652,8,17,219
2026-08-07 18:00:00+04:00,12.394857477751714,282.40882407576123,8,18,219
2026-08-08 06:00:00+04:00,1.7400475472000405,72.77369326615411,8,6,220
2026-08-08 07:00:00+04:00,14.628998577644067,78.72838146656414,8,7,220
2026-08-08 08:00:00+04:00,28.015695050604496,84.3752835324866,8,8,220
2026-08-08 09:00:00+04:00,41.55315255237364,90.37017469427758,8,9,220
2026-08-08 10:00:00+04:00,55.07553862316113,97.9059552207259,8,10,220
2026-08-08 11:00:00+04:00,68.24037376511207,110.55768528071587,8,11,220
2026-08-08 12:00:00+04:00,79.22886117181966,146.3826079801799,8,12,220
2026-08-08 13:00:00+04:00,77.72382851581284,223.83204210597623,8,13,220
2026-08-08 14:00:00+04:00,65.97255818548487,252.3299963869021,8,14,220
2026-08-08 15:00:00+04:00,52.69073324693511,263.529837311246,8,15,220
2026-08-08 16:00:00+04:00,39.143447767080374,270.64359866320956,8,16,220
2026-08-08 17:00:00+04:00,25.611513670600043,276.5067704099062,8,17,220
2026-08-08 18:00:00+04:00,12.256495131497344,282.15406391113504,8,18,220
2026-08-09 06:00:00+04:00,1.6523038131564074,73.04485333732634,8,6,221
2026-08-09 07:00:00+04:00,14.54952578457065,79.01390203563591,8,7,221
2026-08-09 08:00:00+04:00,27.94614146552237,84.69149219357865,8,8,221
2026-08-09 09:00:00+04:00,41.48698800454022,90.74451242641936,8,9,221
2026-08-09 10:00:00+04:00,55.00179831874176,98.39211141377535,8,10,221
2026-08-09 11:00:00+04:00,68.13244543777485,111.27731656988226,8,11,221
2026-08-09 12:00:00+04:00,78.99983450331507,147.3121168091679,8,12,221
2026-08-09 13:00:00+04:00,77.4839757807083,223.0831622514305,8,13,221
2026-08-09 14:00:00+04:00,65.8152273452536,251.7366620012911,8,14,221
2026-08-09 15:00:00+04:00,52.557816026692926,263.1068971957553,8,15,221
2026-08-09 16:00:00+04:00,39.01509566700488,270.3096386178053,8,16,221
2026-08-09 17:00:00+04:00,25.478781838399417,276.2217242471106,8,17,221
2026-08-09 18:00:00+04:00,12.114076539885763,281.89646576895666,8,18,221
2026-08-10 06:00:00+04:00,1.565098210718243,73.32085947721214,8,6,222
2026-08-10 07:00:00+04:00,14.470254928637981,79.3042132790871,8,7,222
2026-08-10 08:00:00+04:00,27.876579009699668,85.01273635436706,8,8,222
2026-08-10 09:00:00+04:00,41.42037178519683,91.12448334543149,8,9,222
2026-08-10 10:00:00+04:00,54.92673815991377,98.88484814103208,8,10,222
2026-08-10 11:00:00+04:00,68.02139486443376,112.00310047914394,8,11,222
2026-08-10 12:00:00+04:00,78.76558364536899,148.22525198109162,8,12,222
2026-08-10 13:00:00+04:00,77.23735614458977,222.35827038947053,8,13,222
2026-08-10 14:00:00+04:00,65.65158989308978,251.1441007163854,8,14,222
2026-08-10 15:00:00+04:00,52.41966325602911,262.6814833871334,8,15,222
2026-08-10 16:00:00+04:00,38.882126952003695,269.9728449641132,8,16,222
2026-08-10 17:00:00+04:00,25.341793709198694,275.93388458528113,8,17,222
2026-08-10 18:00:00+04:00,11.96763478937738,281.6361305301582,8,18,222
2026-08-11 06:00:00+04:00,1.4784807175325854,73.60162843038557,8,6,223
2026-08-11 07:00:00+04:00,14.391206684893746,79.59922312500669,8,7,223
2026-08-11 08:00:00+04:00,27.80700691518762,85.33891014168671,8,8,223
2026-08-11 09:00:00+04:00,41.35327947836277,91.50995290709955,8,9,223
2026-08-11 10:00:00+04:00,54.85030564946593,99.38395392209492,8,10,223
2026-08-11 11:00:00+04:00,67.90714717719189,112.7345398799124,8,11,223
2026-08-11 12:00:00+04:00,78.52616985945144,149.12179101223245,8,12,223
2026-08-11 13:00:00+04:00,76.98412479373394,221.6572599065271,8,13,223
2026-08-11 14:00:00+04:00,65.48165954163518,250.55286832639098,8,14,223
2026-08-11 15:00:00+04:00,52.27627177186522,262.25389446936805,8,15,223
2026-08-11 16:00:00+04:00,38.74454696521363,269.6334046001877,8,16,223
2026-08-11 17:00:00+04:00,25.200567398985356,275.643384059344,8,17,223
2026-08-11 18:00:00+04:00,11.817203285923247,281.3731593405841,8,18,223
2026-08-12 06:00:00+04:00,1.3925007798831597,73.88707697653399,8,6,224
2026-08-12 07:00:00+04:00,14.312401792458624,79.89883981894843,8,7,224
2026-08-12 08:00:00+04:00,27.737424612180266,85.66990817814087,8,8,224
2026-08-12 09:00:00+04:00,41.285687152809764,91.90078704309735,8,9,224
2026-08-12 10:00:00+04:00,54.772449544827445,99.88921724475267,8,10,224
2026-08-12 11:00:00+04:00,67.7896317345815,113.47114046852215,8,11,224
2026-08-12 12:00:00+04:00,78.28165939091252,150.0015855951391,8,12,224
2026-08-12 13:00:00+04:00,76.72443836099033,220.9799379342424,8,13,224
2026-08-12 14:00:00+04:00,65.30545644653884,249.9634998060303,8,14,224
2026-08-12 15:00:00+04:00,52.12764208879844,261.8244244782322,8,15,224
2026-08-12 16:00:00+04:00,38.60236340449563,269.2915022919749,8,16,224
2026-08-12 17:00:00+04:00,25.055122698329367,275.35035373999614,8,17,224
2026-08-12 18:00:00+04:00,11.662816831702878,281.10765195113186,8,18,224
2026-08-13 06:00:00+04:00,1.3072054798137964,74.17712181741899,8,6,225
2026-08-13 07:00:00+04:00,14.23385923027959,80.20297188072766,8,7,225
2026-08-13 08:00:00+04:00,27.667829925224293,86.00562556372722,8,8,225
2026-08-13 09:00:00+04:00,41.217569592976375,92.29685211186393,8,9,225
2026-08-13 10:00:00+04:00,54.69311814039929,100.40042637372608,8,10,225
2026-08-13 11:00:00+04:00,67.66878051158227,114.21241038757967,8,11,225
2026-08-13 12:00:00+04:00,78.03212173166087,150.86454851592822,8,12,225
2026-08-13 13:00:00+04:00,76.458454956112,220.32602918011693,8,13,225
2026-08-13 14:00:00+04:00,65.12300836818184,249.37650545399407,8,14,225
2026-08-13 15:00:00+04:00,51.97377985184881,261.39336081059855,8,15,225
2026-08-13 16:00:00+04:00,38.455587822865645,268.9473192719224,8,16,225
2026-08-13 17:00:00+04:00,24.905482565190436,275.05492200682204,8,17,225
2026-08-13 18:00:00+04:00,11.504513097190765,280.8397056873047,8,18,225
2026-08-14 06:00:00+04:00,1.2226380480243062,74.47167878932163,8,6,226
2026-08-14 07:00:00+04:00,14.155594736430686,80.51152734298,8,7,226
2026-08-14 08:00:00+04:00,27.59821760073709,86.34595705027749,8,8,226
2026-08-14 09:00:00+04:00,41.148898864911104,92.69801388166735,8,9,226
2026-08-14 10:00:00+04:00,54.612257931214224,100.91736790343128,8,10,226
2026-08-14 11:00:00+04:00,67.54452698263002,114.95785804428158,8,11,226
2026-08-14 12:00:00+04:00,77.7776287385194,151.7106400462215,8,12,226
2026-08-14 13:00:00+04:00,76.18633467551354,219.69518201444532,8,13,226
2026-08-14 14:00:00+04:00,64.93435198074803,248.7923687762979,8,14,226
2026-08-14 15:00:00+04:00,51.81469738490519,260.9609832611465,8,15,226
2026-08-14 16:00:00+04:00,38.30423720424093,268.60103272783306,8,16,226
2026-08-14 17:00:00+04:00,24.751674692941545,274.7572141929169,8,17,226
2026-08-14 18:00:00+04:00,11.34233418004086,280.56941513321647,8,18,226
2026-08-15 06:00:00+04:00,1.1388368467050145,74.77066176778123,8,6,227
2026-08-15 07:00:00+04:00,14.07761982316874,80.82441265564927,8,7,227
2026-08-15 08:00:00+04:00,27.52857833481945,86.69079584807525,8,8,227
2026-08-15 09:00:00+04:00,41.07964339184599,93.10413609106428,8,9,227
2026-08-15 10:00:00+04:00,54.52981281205863,101.43982481339935,8,10,227
2026-08-15 11:00:00+04:00,67.41680559784777,115.70698943970206,8,11,227
2026-08-15 12:00:00+04:00,77.51825441318863,152.5398561886359,8,12,227
2026-08-15 13:00:00+04:00,75.90824018490585,219.0869762657408,8,13,227
2026-08-15 14:00:00+04:00,64.73953395433072,248.21154554036457,8,14,227
2026-08-15 15:00:00+04:00,51.65041496453355,260.52756373055195,8,15,227
2026-08-15 16:00:00+04:00,38.1483352485035,268.2528157962604,8,16,227
2026-08-15 17:00:00+04:00,24.593732787823097,274.45735265741007,8,17,227
2026-08-15 18:00:00+04:00,11.176327877629578,280.29687221263384,8,18,227
2026-08-16 06:00:00+04:00,1.0558347286904068,75.07398179680911,8,6,228
2026-08-16 07:00:00+04:00,13.999941228572085,81.14153181689028,8,7,228
2026-08-16 08:00:00+04:00,27.458898244224432,87.0400326804616,8,8,228
2026-08-16 09:00:00+04:00,41.009767487494145,93.5150793230448,8,9,228
2026-08-16 10:00:00+04:00,54.44572373274217,101.96757499346677,8,10,228
2026-08-16 11:00:00+04:00,67.28555168480902,116.45930646590375,8,11,228
2026-08-16 12:00:00+04:00,77.25407489390582,153.35222038031975,8,12,228
2026-08-16 13:00:00+04:00,75.62433692281333,218.5009315751979,8,13,228
2026-08-16 14:00:00+04:00,64.53861149416517,247.63446306282307,8,14,228
2026-08-16 15:00:00+04:00,51.48096154811764,260.0933659072856,8,15,228
2026-08-16 16:00:00+04:00,37.98791311038064,267.9028374978158,8,16,228
2026-08-16 17:00:00+04:00,24.431697286666424,274.15545680753394,8,17,228
2026-08-16 18:00:00+04:00,11.006548396919065,280.0221662336019,8,18,228
2026-08-17 06:00:00+04:00,0.9736586245488001,75.38154681077913,8,6,229
2026-08-17 07:00:00+04:00,13.922560659729715,81.46278610226648,8,7,229
2026-08-17 08:00:00+04:00,27.38915864997675,87.3935554895699,8,8,229
2026-08-17 09:00:00+04:00,40.93923119124291,93.93070064352486,8,9,229
2026-08-17 10:00:00+04:00,54.359928637683524,102.50039080049152,8,10,229
2026-08-17 11:00:00+04:00,67.15070153714,117.2143068947833,8,11,229
2026-08-17 12:00:00+04:00,76.98516830277653,154.1477788220559,8,12,229
2026-08-17 13:00:00+04:00,75.33479270937929,217.93651550143946,8,13,229
2026-08-17 14:00:00+04:00,64.33165221708512,247.061519202201,8,14,229
2026-08-17 15:00:00+04:00,51.306374879956415,259.65864453534505,8,15,229
2026-08-17 16:00:00+04:00,37.82300952887074,267.5512623114258,8,16,229
2026-08-17 17:00:00+04:00,24.265615474973984,273.85164280880315,8,17,229
2026-08-17 18:00:00+04:00,10.833056460138206,279.74538366531385,8,18,229
2026-08-18 06:00:00+04:00,0.8923292436722294,75.6932619329018,8,6,230
2026-08-18 07:00:00+04:00,13.84547471732048,81.78807437030116,8,7,230
2026-08-18 08:00:00+04:00,27.319336051524186,87.75124975291556,8,8,230
2026-08-18 09:00:00+04:00,40.86799030276775,94.35085395107319,8,9,230
2026-08-18 10:00:00+04:00,54.27236257340188,103.0380395388363,8,10,230
2026-08-18 11:00:00+04:00,67.01219257778526,117.97148579967427,8,11,230
2026-08-18 12:00:00+04:00,76.71161438578652,154.92659830215007,8,12,230
2026-08-18 13:00:00+04:00,75.03977688906421,217.3931512632491,8,13,230
2026-08-18 14:00:00+04:00,64.11873350386206,246.49308119471334,8,14,230
2026-08-18 15:00:00+04:00,51.12670110853522,259.22364439198304,8,15,230
2026-08-18 16:00:00+04:00,37.653670496636245,267.1982494874735,8,16,230
2026-08-18 17:00:00+04:00,24.09554115561054,273.5460230762605,8,17,230
2026-08-18 18:00:00+04:00,10.655918975711751,279.46660772997365,8,18,230
2026-08-19 06:00:00+04:00,0.8118608881530933,76.0090300641312,8,6,231
2026-08-19 07:00:00+04:00,13.768674989420104,82.1172936408446,8,7,231
2026-08-19 08:00:00+04:00,27.24940227598798,88.11299907638505,8,8,231
2026-08-19 09:00:00+04:00,40.79599658078595,94.77539062998011,8,9,231
2026-08-19 10:00:00+04:00,54.182957946723654,103.58028433193749,8,10,231
2026-08-19 11:00:00+04:00,66.86996361069664,118.73033756399349,8,11,231
2026-08-19 12:00:00+04:00,76.43349413275534,155.68876520596064,8,12,231
2026-08-19 13:00:00+04:00,74.73945932218695,216.8702254687298,8,13,231
2026-08-19 14:00:00+04:00,63.89994158723182,245.92948485719694,8,14,231
2026-08-19 15:00:00+04:00,50.94199415408632,258.78859937587254,8,15,231
2026-08-19 16:00:00+04:00,37.479948692981516,266.8439524244009,8,16,231
2026-08-19 17:00:00+04:00,23.921534094105663,273.2387058231956,8,17,231
2026-08-19 18:00:00+04:00,10.475208499621877,279.18591806001484,8,18,231
2026-08-20 06:00:00+04:00,0.7322613956019177,76.32875245153298,8,6,232
2026-08-20 07:00:00+04:00,13.692148327998876,82.45033963101702,8,7,232
2026-08-20 08:00:00+04:00,27.17932480630343,88.47868572636457,8,8,232
2026-08-20 09:00:00+04:00,40.72319811757578,95.20416012480302,8,9,232
2026-08-20 10:00:00+04:00,54.09164494776899,104.12688489848364,8,10,232
2026-08-20 11:00:00+04:00,66.72395522323104,119.49035778845013,8,11,232
2026-08-20 12:00:00+04:00,76.1508895566693,156.43438473440642,8,12,232
2026-08-20 13:00:00+04:00,74.43400949668779,216.3670959928652,8,13,232
2026-08-20 14:00:00+04:00,63.67537059363106,245.37103453204338,8,14,232
2026-08-20 15:00:00+04:00,50.752315003731034,258.3537320109847,8,15,232
2026-08-20 16:00:00+04:00,37.301902853262575,266.4885183439786,8,16,232
2026-08-20 17:00:00+04:00,23.74365941508257,272.9297948584485,8,17,232
2026-08-20 18:00:00+04:00,10.291002669533942,278.90339058110516,8,18,232
2026-08-21 06:00:00+04:00,0.6535321682374491,76.65232909631015,8,6,233
2026-08-21 07:00:00+04:00,13.615877270249817,82.78710712007478,8,7,233
2026-08-21 08:00:00+04:00,27.10906723965271,88.84819097095334,8,8,233
2026-08-21 09:00:00+04:00,40.64953983879539,95.63701029797687,8,9,233
2026-08-21 10:00:00+04:00,53.99835209956911,104.67759807710735,8,10,233
2026-08-21 11:00:00+04:00,66.57411030451041,120.25104486088242,8,11,233
2026-08-21 12:00:00+04:00,75.86388365230448,157.16357998946035,8,12,233
2026-08-21 13:00:00+04:00,74.12359585481562,215.88309969336598,8,13,233
2026-08-21 14:00:00+04:00,63.44512165173012,244.8180036974206,8,14,233
2026-08-21 15:00:00+04:00,50.55773104633211,257.91925333602524,8,15,233
2026-08-21 16:00:00+04:00,37.119597171601605,266.1320882438389,8,16,233
2026-08-21 17:00:00+04:00,23.561987034732805,272.6193896089443,8,17,233
2026-08-21 18:00:00+04:00,10.103383681792259,278.6190975939022,8,18,233
2026-08-22 06:00:00+04:00,0.5756681881027327,76.97965903881084,8,6,234
2026-08-22 07:00:00+04:00,13.539840495968432,83.12749018873433,8,7,234
2026-08-22 08:00:00+04:00,27.038589776096096,89.22139529322226,8,8,234
2026-08-22 09:00:00+04:00,40.57496401899172,96.07378764628362,8,9,234
2026-08-22 10:00:00+04:00,53.90300681632342,105.23217819284946,8,10,234
2026-08-22 11:00:00+04:00,66.42037456788599,121.01190131034014,8,11,234
2026-08-22 12:00:00+04:00,75.5725604119918,157.87649085528392,8,12,234
2026-08-22 13:00:00+04:00,73.80838528647081,215.4175594328221,8,13,234
2026-08-22 14:00:00+04:00,63.209302091579204,244.2706358815173,8,14,234
2026-08-22 15:00:00+04:00,50.358315477662956,257.4853629523261,8,15,234
2026-08-22 16:00:00+04:00,36.933100775044394,265.774796946795,8,16,234
2026-08-22 17:00:00+04:00,23.376591167550075,272.30758520885263,8,17,234
2026-08-22 18:00:00+04:00,9.912437852309038,278.33310790169025,8,18,234
2026-08-23 06:00:00+04:00,0.4986578866331202,77.31064058891684,8,6,235
2026-08-23 07:00:00+04:00,13.46401319280601,83.47138241252799,8,7,235
2026-08-23 08:00:00+04:00,26.96784960302122,89.59817856072164,8,8,235
2026-08-23 09:00:00+04:00,40.49941069419339,96.51433747920447,8,9,235
2026-08-23 10:00:00+04:00,53.80553584940518,105.79037738257284,8,10,235
2026-08-23 11:00:00+04:00,66.26269693752921,121.77243502858664,8,11,235
2026-08-23 12:00:00+04:00,75.2770047672999,158.57327252375524,8,12,235
2026-08-23 13:00:00+04:00,73.48854274073965,214.96978991749586,8,13,235
2026-08-23 14:00:00+04:00,62.96802475211156,243.72914554169012,8,14,235
2026-08-23 15:00:00+04:00,50.154146811569625,257.05224901559666,8,15,235
2026-08-23 16:00:00+04:00,36.74248731045515,265.4167730844696,8,16,235
2026-08-23 17:00:00+04:00,23.18754994887637,271.99447251891013,8,17,235
2026-08-23 18:00:00+04:00,9.718255291708257,278.04548686380286,8,18,235
2026-08-24 06:00:00+04:00,0.42248279563802965,77.64517152195094,8,6,236
2026-08-24 07:00:00+04:00,13.388367246374495,83.818677025532,8,7,236
2026-08-24 08:00:00+04:00,26.896801104384654,89.97842017027199,8,8,236
2026-08-24 09:00:00+04:00,40.422817889041966,96.95850406664334,8,9,236
2026-08-24 10:00:00+04:00,53.705865547275145,106.35194587622584,8,10,236
2026-08-24 11:00:00+04:00,66.10102974005734,122.53216031682643,8,11,236
2026-08-24 12:00:00+04:00,74.97730242322368,159.2540935725326,8,12,236
2026-08-24 13:00:00+04:00,73.16423094509719,214.53910224523818,8,13,236
2026-08-24 14:00:00+04:00,62.72140742859679,243.19371877256162,8,14,236
2026-08-24 15:00:00+04:00,49.94530854204836,256.6200880941207,8,15,236
2026-08-24 16:00:00+04:00,36.54783468541286,265.0581389658515,8,16,236
2026-08-24 17:00:00+04:00,22.994945212063456,271.6801380392378,8,17,236
2026-08-24 18:00:00+04:00,9.520929741452246,277.75629634010124,8,18,236
2026-08-25 06:00:00+04:00,0.3471169590131623,77.9831492140554,8,6,237
2026-08-25 07:00:00+04:00,13.312871247202045,84.16926703083351,8,7,237
2026-08-25 08:00:00+04:00,26.82539587995367,90.36199913586455,8,8,237
2026-08-25 09:00:00+04:00,40.34512165621942,97.40613071981568,8,9,237
2026-08-25 10:00:00+04:00,53.60392192445199,106.91663217463616,8,10,237
2026-08-25 11:00:00+04:00,65.9353287083316,123.29059866050949,8,11,237
2026-08-25 12:00:00+04:00,74.67353961047284,159.91913353066207,8,12,237
2026-08-25 13:00:00+04:00,72.83561024139784,214.12480728787392,8,13,237
2026-08-25 14:00:00+04:00,62.46957246776195,242.66451386561172,8,14,237
2026-08-25 15:00:00+04:00,49.73188895270611,256.18904492627206,8,15,237
2026-08-25 16:00:00+04:00,36.34922496590564,264.69901035587174,8,16,237
2026-08-25 17:00:00+04:00,22.79886242736257,271.364663737238,8,17,237
2026-08-25 18:00:00+04:00,9.32055857101946,277.4655945513413,8,18,237
2026-08-26 06:00:00+04:00,0.2725261389712964,78.3244707198694,8,6,238
2026-08-26 07:00:00+04:00,13.237490352525244,84.52304525524823,8,7,238
2026-08-26 08:00:00+04:00,26.75358262412649,90.7487941205614,8,8,238
2026-08-26 09:00:00+04:00,40.2662559799243,97.85705980690591,8,9,238
2026-08-26 10:00:00+04:00,53.49963060181021,107.48418313777393,8,10,238
2026-08-26 11:00:00+04:00,65.76555285449828,124.04727926558371,8,11,238
2026-08-26 12:00:00+04:00,74.3658028002894,160.56858020889,8,12,238
2026-08-26 13:00:00+04:00,72.50283850498377,213.72621820082102,8,13,238
2026-08-26 14:00:00+04:00,62.21264646188543,242.14166179486128,8,14,238
2026-08-26 15:00:00+04:00,49.513981026859724,255.75927211992604,8,15,238
2026-08-26 16:00:00+04:00,36.14674437242417,264.33949620157995,8,16,238
2026-08-26 17:00:00+04:00,22.59939073636447,271.0481268268902,8,17,238
2026-08-26 18:00:00+04:00,9.11724287004265,277.17343589142797,8,18,238
2026-08-27 06:00:00+04:00,0.19866688473228888,78.66903283318771,8,6,239
2026-08-27 07:00:00+04:00,13.162186103210013,84.87990438996866,8,7,239
2026-08-27 08:00:00+04:00,26.681306958278917,91.13868345130055,8,8,239
2026-08-27 09:00:00+04:00,40.186152632699404,98.31113274646486,8,9,239
2026-08-27 10:00:00+04:00,53.3929166991123,108.05434403950426,8,10,239
2026-08-27 11:00:00+04:00,65.59166430307504,124.80173950174634,8,11,239
2026-08-27 12:00:00+04:00,74.05417842406028,161.2026271688767,8,12,239
2026-08-27 13:00:00+04:00,72.16607108790559,213.3426524640257,8,13,239
2026-08-27 14:00:00+04:00,61.95075996154826,241.62526675330366,8,14,239
2026-08-27 15:00:00+04:00,49.291682361441076,255.33090987821268,8,15,239
2026-08-27 16:00:00+04:00,35.940483283413066,263.9796983659773,8,16,239
2026-08-27 17:00:00+04:00,22.396622990156413,270.7305995537662,8,17,239
2026-08-27 18:00:00+04:00,8.911087551220064,276.87987074398944,8,18,239
2026-08-28 06:00:00+04:00,0.1254855488248917,79.01673214027079,8,6,240
2026-08-28 07:00:00+04:00,13.08691630117945,85.2397370159735,8,7,240
2026-08-28 08:00:00+04:00,26.60851133328161,91.5315451154284,8,8,240
2026-08-28 09:00:00+04:00,40.10474110958783,98.76818998005712,8,9,240
2026-08-28 10:00:00+04:00,53.28370481401452,108.62685861019088,8,10,240
2026-08-28 11:00:00+04:00,65.4136281960521,125.55352530292498,8,11,240
2026-08-28 12:00:00+04:00,73.73875268615907,161.82147163641014,8,12,240
2026-08-28 13:00:00+04:00,71.82546078837905,212.97343387297582,8,13,240
2026-08-28 14:00:00+04:00,61.68404715363995,241.1154069859648,8,14,240
2026-08-28 15:00:00+04:00,49.065095022964464,254.90408591976944,8,15,240
2026-08-28 16:00:00+04:00,35.7305361698513,263.6197115101693,8,16,240
2026-08-28 17:00:00+04:00,22.1906557242793,270.41214910706736,8,17,240
2026-08-28 18:00:00+04:00,8.70220139291759,276.5849454249111,8,18,240
2026-08-29 06:00:00+04:00,0.052917362619856245,79.36746500453285,8,6,241
2026-08-29 07:00:00+04:00,13.011635104271813,85.6024355483271,8,7,241
2026-08-29 08:00:00+04:00,26.535135151280382,91.92725665992498,8,8,241
2026-08-29 09:00:00+04:00,40.02194879181306,99.22807083576708,8,9,241
2026-08-29 10:00:00+04:00,53.17191923729196,109.20146896726902,8,10,241
2026-08-29 11:00:00+04:00,65.23141285052974,126.30219150121064,8,11,241
2026-08-29 12:00:00+04:00,73.41961162621469,162.42531308167554,8,12,241
2026-08-29 13:00:00+04:00,71.48115790850288,212.61789502490032,8,13,241
2026-08-29 14:00:00+04:00,61.412645520590665,240.61213625262354,8,14,241
2026-08-29 15:00:00+04:00,48.8343253257519,254.47891585481256,8,15,241
2026-08-29 16:00:00+04:00,35.51700143910326,263.25962333156656,8,16,241
2026-08-29 17:00:00+04:00,21.98158902858392,270.0928378504756,8,17,241
2026-08-29 18:00:00+04:00,8.490696992033373,276.28870242851923,8,18,241
2026-08-30 07:00:00+04:00,12.936293480532424,85.9678919989974,8,7,242
2026-08-30 08:00:00+04:00,26.46111525748223,92.32569489185164,8,8,242
2026-08-30 09:00:00+04:00,39.93770148472137,99.69061317092587,8,9,242
2026-08-30 10:00:00+04:00,53.057484564317186,109.77791533161832,8,10,242
2026-08-30 11:00:00+04:00,65.04499032326747,127.04730202145782,8,11,242
2026-08-30 12:00:00+04:00,73.09684157901276,163.0143525993342,8,12,242
2026-08-30 13:00:00+04:00,71.13331049305143,212.27538063264137,8,13,242
2026-08-30 14:00:00+04:00,61.136695501267795,240.11548622315541,8,14,242
2026-08-30 15:00:00+04:00,48.59948353024058,254.05550424541406,8,15,242
2026-08-30 16:00:00+04:00,35.299981162672836,262.8995153480298,8,16,242
2026-08-30 17:00:00+04:00,21.769526304564017,269.77272402484186,8,17,242
2026-08-30 18:00:00+04:00,8.27669061096539,275.9911811225093,8,18,242
2026-08-31 07:00:00+04:00,12.860840095829866,86.335997524574,8,7,243
2026-08-31 08:00:00+04:00,26.386386865120084,92.72673534931391,8,8,243
2026-08-31 09:00:00+04:00,39.8519244095664,100.15565278573212,8,9,243
2026-08-31 10:00:00+04:00,52.94032677189846,110.35593554462554,8,10,243
2026-08-31 11:00:00+04:00,64.85433745201564,127.78843003914722,8,11,243
2026-08-31 12:00:00+04:00,72.77053006192489,163.58879318196887,8,12,243
2026-08-31 13:00:00+04:00,70.78206476104741,211.9452517115196,8,13,243
2026-08-31 14:00:00+04:00,60.85634016779635,239.62546980854458,8,14,243
2026-08-31 15:00:00+04:00,48.36068345410676,253.63394637573475,8,15,243
2026-08-31 16:00:00+04:00,35.07958068126112,262.539464241656,8,16,243
2026-08-31 17:00:00+04:00,21.55457387357459,269.45186294161095,8,17,243
2026-08-31 18:00:00+04:00,8.060301888415937,275.692418900617,8,18,243
2026-09-01 07:00:00+04:00,12.785222609424407,86.70664185225985,9,7,244
2026-09-01 08:00:00+04:00,26.310884894511915,93.13025166049147,9,8,244
2026-09-01 09:00:00+04:00,39.76454360114923,100.6230227449932,9,9,244
2026-09-01 10:00:00+04:00,52.82037470826818,110.9352645830445,9,10,244
2026-09-01 11:00:00+04:00,64.6594372904699,128.52515836907799,9,11,244
2026-09-01 12:00:00+04:00,72.44076695911872,164.14884095647562,9,12,244
2026-09-01 13:00:00+04:00,70.4275656378967,211.62689029709279,9,13,244
2026-09-01 14:00:00+04:00,60.571724865468944,239.1420851412587,9,14,244
2026-09-01 15:00:00+04:00,48.11804196486152,253.2143305182367,9,15,244
2026-09-01 16:00:00+04:00,34.85590804969953,262.1795435913163,9,16,244
2026-09-01 17:00:00+04:00,21.336840414060468,269.1303085044334,9,17,244
2026-09-01 18:00:00+04:00,7.841653380242545,275.39245264059633,9,18,244
2026-09-02 07:00:00+04:00,12.709389234621575,87.07971274975995,9,7,245
2026-09-02 08:00:00+04:00,26.23454557149818,93.53611497345463,9,8,245
2026-09-02 09:00:00+04:00,39.67548757074065,101.09255283722229,9,9,245
2026-09-02 10:00:00+04:00,52.69756182729378,111.51563434321463,9,10,245
2026-09-02 11:00:00+04:00,64.46028072455967,129.25708035667202,9,11,245
2026-09-02 12:00:00+04:00,72.10764575729517,164.69470718222556,9,12,245
2026-09-02 13:00:00+04:00,70.06995724701581,211.31970409745884,9,13,245
2026-09-02 14:00:00+04:00,60.282996766872394,238.66531970413618,9,14,245
2026-09-02 15:00:00+04:00,47.8716783326093,252.79674033946995,9,15,245
2026-09-02 16:00:00+04:00,34.6290733229089,261.8198257000912,9,16,245
2026-09-02 17:00:00+04:00,21.1164362241913,268.80811480345903,9,17,245
2026-09-02 18:00:00+04:00,7.620869935174147,275.09132022200174,9,18,245
2026-09-03 07:00:00+04:00,12.633290343975617,87.45509568151897,9,7,246
2026-09-03 08:00:00+04:00,26.15730807033598,93.94419361656634,9,8,246
2026-09-03 09:00:00+04:00,39.58468899340421,101.56406933637209,9,9,246
2026-09-03 10:00:00+04:00,52.57182791867662,112.09677387095559,9,10,246
2026-09-03 11:00:00+04:00,64.25686800210484,129.98380136145494,9,11,246
2026-09-03 12:00:00+04:00,71.77126458692275,165.22661062071165,9,12,246
2026-09-03 13:00:00+04:00,69.70938325221071,211.02313042580926,9,13,246
2026-09-03 14:00:00+04:00,59.990304341180035,238.19515407917567,9,14,246
2026-09-03 15:00:00+04:00,47.62171349867418,252.3812570586817,9,15,246
2026-09-03 16:00:00+04:00,34.39918774907705,261.46038321506296,9,16,246
2026-09-03 17:00:00+04:00,20.89347238422302,268.485337517642,9,17,246
2026-09-03 18:00:00+04:00,7.398077972785331,274.7890618584612,9,18,246
2026-09-04 07:00:00+04:00,12.556879892125911,87.83267372881102,9,7,247
2026-09-04 08:00:00+04:00,26.079115959352396,94.35435306369448,9,8,247
2026-09-04 09:00:00+04:00,39.49208618342727,102.03739514261576,9,9,247
2026-09-04 10:00:00+04:00,52.44312058003211,112.67841007364257,9,10,247
2026-09-04 11:00:00+04:00,64.04920991890992,130.7049407045829,9,11,247
2026-09-04 12:00:00+04:00,71.43172687420495,165.7447796724398,9,12,247
2026-09-04 13:00:00+04:00,69.34598700145024,210.73663884653956,9,13,247
2026-09-04 14:00:00+04:00,59.69379677873872,237.73156488665663,9,14,247
2026-09-04 15:00:00+04:00,47.36826933354841,251.96796105949787,9,15,247
2026-09-04 16:00:00+04:00,34.166362970415406,261.10129029664006,9,16,247
2026-09-04 17:00:00+04:00,20.668059932882436,268.1620349101601,9,17,247
2026-09-04 18:00:00+04:00,7.173404789632938,274.485721037352,9,18,247
2026-09-05 07:00:00+04:00,12.480116429962164,88.21232779101683,9,7,248
2026-09-05 08:00:00+04:00,25.99991823739852,94.7664562257429,9,8,248
2026-09-05 09:00:00+04:00,39.3976241336352,102.51235030216088,9,9,248
2026-09-05 10:00:00+04:00,52.311396211724876,113.26026886678073,9,10,248
2026-09-05 11:00:00+04:00,63.837328445764875,131.42013383896943,9,11,248
2026-09-05 12:00:00+04:00,71.0891414719663,166.2494537689647,9,12,248
2026-09-05 13:00:00+04:00,68.97991145264281,210.45973212661147,9,13,248
2026-09-05 14:00:00+04:00,59.39362342529945,237.27452658442505,9,14,248
2026-09-05 15:00:00+04:00,47.11146798361399,251.55693270748898,9,15,248
2026-09-05 16:00:00+04:00,33.93071033952212,260.742623146402,9,16,248
2026-09-05 17:00:00+04:00,20.440309167035792,267.8382682532231,9,17,248
2026-09-05 18:00:00+04:00,6.9469779979678075,274.18134491533493,9,18,248
2026-09-06 07:00:00+04:00,12.402963549961374,88.59393707168903,9,7,249
2026-09-06 08:00:00+04:00,25.919669775693418,95.18036405140623,9,8,249
2026-09-06 09:00:00+04:00,39.30125494120757,102.9887528698626,9,9,249
2026-09-06 10:00:00+04:00,52.17662035051614,113.84207664623227,9,10,249
2026-09-06 11:00:00+04:00,63.62125664831017,132.12903448953693,9,11,249
2026-09-06 12:00:00+04:00,70.74362219254519,166.7408836172972,9,12,249
2026-09-06 13:00:00+04:00,68.61129887122978,210.19194530809577,9,13,249
2026-09-06 14:00:00+04:00,59.089933268879726,236.82401192643056,9,14,249
2026-09-06 15:00:00+04:00,46.851431369732246,251.14825222808048,9,15,249
2026-09-06 16:00:00+04:00,33.69234043690473,260.38445977321715,9,16,249
2026-09-06 17:00:00+04:00,20.21032915731676,267.5141015787321,9,17,249
2026-09-06 18:00:00+04:00,6.718925203956085,273.875984068703,9,18,249
2026-09-07 07:00:00+04:00,12.325389672366272,88.97737979952149,9,7,250
2026-09-07 08:00:00+04:00,25.838331099493786,95.59593638177563,9,8,250
2026-09-07 09:00:00+04:00,39.20293754931355,103.46642002311137,9,9,250
2026-09-07 10:00:00+04:00,52.03876728882578,114.42356193696304,9,10,250
2026-09-07 11:00:00+04:00,63.40103785944068,132.83131646112872,9,11,250
2026-09-07 12:00:00+04:00,70.39528677604766,167.21933010844418,9,12,250
2026-09-07 13:00:00+04:00,68.24029034471441,209.93284298834266,9,13,250
2026-09-07 14:00:00+04:00,58.78287451498498,236.379991137614,9,14,250
2026-09-07 15:00:00+04:00,46.588280890584116,250.74199867478166,9,15,250
2026-09-07 16:00:00+04:00,33.45136284422766,260.0268790302273,9,16,250
2026-09-07 17:00:00+04:00,19.978227545504975,267.18960078645136,9,17,250
2026-09-07 18:00:00+04:00,6.489373990106753,273.569691636734,9,18,250
2026-09-08 07:00:00+04:00,12.24736723038036,89.36253403986308,9,7,251
2026-09-08 08:00:00+04:00,25.755867555266207,96.01303287885935,9,8,251
2026-09-08 09:00:00+04:00,39.102636869992885,103.94516920643048,9,9,251
2026-09-08 10:00:00+04:00,51.897819060812544,115.00445691457867,9,10,251
2026-09-08 11:00:00+04:00,63.17672425803783,133.5266747802646,9,11,251
2026-09-08 12:00:00+04:00,70.04425549939336,167.6850619059644,9,12,251
2026-09-08 13:00:00+04:00,67.86702525229781,209.68201531831198,9,13,251
2026-09-08 14:00:00+04:00,58.47259434518958,235.9424301609671,9,14,251
2026-09-08 15:00:00+04:00,46.322137397824235,250.33824827133628,9,15,251
2026-09-08 16:00:00+04:00,33.20788623330486,259.6699591645653,9,16,251
2026-09-08 17:00:00+04:00,19.7441106756033,266.86483233545925,9,17,251
2026-09-08 18:00:00+04:00,6.258452269965351,273.2625220736352,9,18,251
2026-09-09 07:00:00+04:00,12.168871437488525,89.74927834021253,9,7,252
2026-09-09 08:00:00+04:00,25.6722480640129,96.43151374556771,9,8,252
2026-09-09 09:00:00+04:00,39.00032249755158,104.42481897154829,9,9,252
2026-09-09 10:00:00+04:00,51.75376404829494,115.5844984096147,9,10,252
2026-09-09 11:00:00+04:00,62.948375158790085,134.21482577453918,9,11,252
2026-09-09 12:00:00+04:00,69.69064978013958,168.13835189841393,9,12,252
2026-09-09 13:00:00+04:00,67.49164093236821,209.43907342688328,9,13,252
2026-09-09 14:00:00+04:00,58.15923897431437,235.51128861430098,9,14,252
2026-09-09 15:00:00+04:00,46.053121514466255,249.93707261555872,9,15,252
2026-09-09 16:00:00+04:00,32.96201882454081,259.3137762861178,9,16,252
2026-09-09 17:00:00+04:00,19.508084112821873,266.53986188100157,9,17,252
2026-09-09 18:00:00+04:00,6.026289063547491,272.9545298599405,9,18,252
2026-09-10 07:00:00+04:00,12.089878911433626,90.13749195718987,9,7,253
2026-09-10 08:00:00+04:00,25.587443743088272,96.8512399665072,9,8,253
2026-09-10 09:00:00+04:00,38.895967320514515,104.90518922345416,9,9,253
2026-09-10 10:00:00+04:00,51.606595538085834,116.16342808669197,9,10,253
2026-09-10 11:00:00+04:00,62.716055399516016,134.89550593335434,9,11,253
2026-09-10 12:00:00+04:00,69.33459113832173,168.57947295112945,9,12,253
2026-09-10 13:00:00+04:00,67.11427274930496,209.20364508178963,9,13,253
2026-09-10 14:00:00+04:00,57.842954091802724,235.08651807833795,9,14,253
2026-09-10 15:00:00+04:00,45.78135431192497,249.53853723161728,9,15,253
2026-09-10 16:00:00+04:00,32.71386919321518,258.9584031601489,9,16,253
2026-09-10 17:00:00+04:00,19.270253505262833,266.214753219298,9,17,253
2026-09-10 18:00:00+04:00,5.79301565575622,272.64576851173496,9,18,253
2026-09-11 07:00:00+04:00,12.010366417124079,90.52705457584841,9,7,254
2026-09-11 08:00:00+04:00,25.50142665738224,97.27207298442784,9,8,254
2026-09-11 09:00:00+04:00,38.789546291576606,105.38610079950797,9,9,254
2026-09-11 10:00:00+04:00,51.45631050791766,116.74099179127859,9,10,254
2026-09-11 11:00:00+04:00,62.47983410023098,135.56846976605254,9,11,254
2026-09-11 12:00:00+04:00,68.97620069991046,169.00869360593867,9,12,254
2026-09-11 13:00:00+04:00,66.73505459031935,208.97537113027516,9,13,254
2026-09-11 14:00:00+04:00,57.523885620982654,234.66806108342183,9,14,254
2026-09-11 15:00:00+04:00,45.506958243338985,249.14270071821866,9,15,254
2026-09-11 16:00:00+04:00,32.46354729781795,258.6039085148594,9,16,254
2026-09-11 17:00:00+04:00,19.03072565797734,265.8895676973111,9,17,254
2026-09-11 18:00:00+04:00,5.558766995709272,272.3362900358503,9,18,254
2026-09-12 07:00:00+04:00,11.93030986998698,90.91784566998865,9,7,255
2026-09-12 08:00:00+04:00,25.414168845112926,97.69387399274746,9,8,255
2026-09-12 09:00:00+04:00,38.681035501559855,105.86737462493636,9,9,255
2026-09-12 10:00:00+04:00,51.302908756775125,117.31693841587281,9,10,255
2026-09-12 11:00:00+04:00,62.23978384734656,136.233487236707,9,11,255
2026-09-12 12:00:00+04:00,68.61559914860038,169.42627433192274,9,12,255
2026-09-12 13:00:00+04:00,66.35411960221607,208.75390286697265,9,13,255
2026-09-12 14:00:00+04:00,57.20218058684533,234.25585075004872,9,14,255
2026-09-12 15:00:00+04:00,45.230058111050255,248.74961441417327,9,15,255
2026-09-12 16:00:00+04:00,32.21116551386033,258.2503567694455,9,16,255
2026-09-12 17:00:00+04:00,18.789609589740383,265.5643639959968,9,17,255
2026-09-12 18:00:00+04:00,5.323683118916455,272.0261447344414,9,18,255
2026-09-13 07:00:00+04:00,11.849683618209156,91.30974382141642,9,7,256
2026-09-13 08:00:00+04:00,25.32564163057466,98.11650319725089,9,8,256
2026-09-13 09:00:00+04:00,38.57041154238637,106.34883085849413,9,9,256
2026-09-13 10:00:00+04:00,51.146392332868125,117.8910188227635,9,10,256
2026-09-13 11:00:00+04:00,61.995980173742026,136.89034148795474,9,11,256
2026-09-13 12:00:00+04:00,68.2529068524082,169.83246484556093,9,12,256
2026-09-13 13:00:00+04:00,65.97160085318119,208.53890020830502,9,13,256
2026-09-13 14:00:00+04:00,56.87798781413148,233.8498107929691,9,14,256
2026-09-13 15:00:00+04:00,44.95078182535641,248.35932229066856,9,15,256
2026-09-13 16:00:00+04:00,31.95683942870728,257.8978079291038,9,16,256
2026-09-13 17:00:00+04:00,18.547017343746866,265.23919804675353,9,17,256
2026-09-13 18:00:00+04:00,5.087910365078801,271.71538113352716,9,18,256
2026-09-14 07:00:00+04:00,11.768459960311262,91.70262630002514,9,7,257
2026-09-14 08:00:00+04:00,25.235815164138074,98.53981936634682,9,8,257
2026-09-14 09:00:00+04:00,38.45765108973403,106.8302883968563,9,9,257
2026-09-14 10:00:00+04:00,50.98676514471461,118.46298525411981,9,10,257
2026-09-14 11:00:00+04:00,61.74850115175405,137.53882733663613,9,11,257
2026-09-14 12:00:00+04:00,67.88824389845506,170.22750264172237,9,12,257
2026-09-14 13:00:00+04:00,65.58763167268782,208.3300304606082,9,13,257
2026-09-14 14:00:00+04:00,56.55145824982384,233.44985562749304,9,14,257
2026-09-14 15:00:00+04:00,44.66926077166948,247.97186083724193,9,15,257
2026-09-14 16:00:00+04:00,31.700688256248203,257.5463174251941,9,16,257
2026-09-14 17:00:00+04:00,18.303064413508086,264.9141228850945,9,17,257
2026-09-14 18:00:00+04:00,4.85160227830848,271.40404584699155,9,18,257
2026-09-15 07:00:00+04:00,11.686608839653573,92.09636901543877,9,7,258
2026-09-15 08:00:00+04:00,25.144658144286254,98.96367979005328,9,8,258
2026-09-15 09:00:00+04:00,38.34273064249979,107.31156485698835,9,9,258
2026-09-15 10:00:00+04:00,50.824032686203104,119.03259135839897,9,10,258
2026-09-15 11:00:00+04:00,61.49742700199398,138.17875061734895,9,11,258
2026-09-15 12:00:00+04:00,67.52172994205253,170.61161262799305,9,12,258
2026-09-15 13:00:00+04:00,65.2023456182708,208.12696755692178,9,13,258
2026-09-15 14:00:00+04:00,56.222744880539786,233.05589051126967,9,14,258
2026-09-15 15:00:00+04:00,44.385629778301954,247.5872588849415,9,15,258
2026-09-15 16:00:00+04:00,31.442834849758448,257.1959358709705,9,16,258
2026-09-15 17:00:00+04:00,18.05786977897196,264.58918841229183,9,17,258
2026-09-15 18:00:00+04:00,4.614920192516783,271.09218335559694,9,18,258
2026-09-16 07:00:00+04:00,11.604097730110066,92.49084676087597,9,7,259
2026-09-16 08:00:00+04:00,25.052137712069324,99.38794054347596,9,8,259
2026-09-16 09:00:00+04:00,38.225626420420795,107.79247691397586,9,9,259
2026-09-16 10:00:00+04:00,50.658201877794575,119.59959265960077,9,10,259
2026-09-16 11:00:00+04:00,61.24283975601078,138.80992815264193,9,11,259
2026-09-16 12:00:00+04:00,67.15348395614046,170.9850075771809,9,12,259
2026-09-16 13:00:00+04:00,64.81587619370245,207.92939177725373,9,13,259
2026-09-16 14:00:00+04:00,55.89200236174412,232.66781184947962,9,14,259
2026-09-16 15:00:00+04:00,44.10002678247101,247.20553750707242,9,15,259
2026-09-16 16:00:00+04:00,31.183405422261156,256.8467088497166,9,16,259
2026-09-16 17:00:00+04:00,17.811555652796606,264.26444117839833,9,17,259
2026-09-16 18:00:00+04:00,4.378033622789639,270.7798358053377,9,18,259
2026-09-17 07:00:00+04:00,11.52089171824721,92.88593355975803,9,7,260
2026-09-17 08:00:00+04:00,24.958219547551487,99.81245686333926,9,8,260
2026-09-17 09:00:00+04:00,38.106314448231984,108.27284077029611,9,9,260
2026-09-17 10:00:00+04:00,50.489281077245295,120.16374720604148,9,10,260
2026-09-17 11:00:00+04:00,60.984823047106545,139.43218798707255,9,11,260
2026-09-17 12:00:00+04:00,66.78362403038034,171.34788907013592,9,12,260
2026-09-17 13:00:00+04:00,64.4283565082958,207.73698994181618,9,13,260
2026-09-17 14:00:00+04:00,55.55938652574398,232.28550781406213,9,14,260
2026-09-17 15:00:00+04:00,43.81259234996856,246.82671014945902,9,15,260
2026-09-17 16:00:00+04:00,30.9225291102285,256.49867688088125,9,16,260
2026-09-17 17:00:00+04:00,17.564247075408595,263.9399243148209,9,17,260
2026-09-17 18:00:00+04:00,4.141120600161689,270.46704294859467,9,18,260
2026-09-18 07:00:00+04:00,11.43695375937038,93.28150296542742,9,7,261
2026-09-18 08:00:00+04:00,24.86286812865723,100.23708347165046,9,8,261
2026-09-18 09:00:00+04:00,37.9847708013087,108.7524725755705,9,9,261
2026-09-18 10:00:00+04:00,50.317280242007435,120.72481616849296,9,10,261
2026-09-18 11:00:00+04:00,60.72346206114466,140.0453696301097,9,11,261
2026-09-18 12:00:00+04:00,66.4122673022794,171.70044862445002,9,12,261
2026-09-18 13:00:00+04:00,64.03991901148969,207.54945592420012,9,13,261
2026-09-18 14:00:00+04:00,55.22505391844591,231.90885924614662,9,14,261
2026-09-18 15:00:00+04:00,43.52346918823987,246.4507830102244,9,15,261
2026-09-18 16:00:00+04:00,30.66033751296823,256.15187559343036,9,16,261
2026-09-18 17:00:00+04:00,17.31607148035252,263.61567764736577,9,17,261
2026-09-18 18:00:00+04:00,3.9043680815645527,270.1538422511658,9,18,261
2026-09-19 07:00:00+04:00,11.352245018038936,93.67742826074067,9,7,262
2026-09-19 08:00:00+04:00,24.766047070908204,100.66167479743638,9,8,262
2026-09-19 09:00:00+04:00,37.86097192460789,109.23118873445696,9,9,262
2026-09-19 10:00:00+04:00,50.14221116788263,121.28256431047583,9,10,262
2026-09-19 11:00:00+04:00,60.45884357410934,140.64932414842673,9,11,262
2026-09-19 12:00:00+04:00,66.03952999183898,172.04286874598222,9,12,262
2026-09-19 13:00:00+04:00,63.65069533198724,207.36649123054073,9,13,262
2026-09-19 14:00:00+04:00,54.889161420526506,231.53774068366812,9,14,262
2026-09-19 15:00:00+04:00,43.23280171987634,246.07775556114308,9,15,262
2026-09-19 16:00:00+04:00,30.396964291726558,255.80633601402275,9,16,262
2026-09-19 17:00:00+04:00,17.067158314227033,263.2917379084125,9,17,262
2026-09-19 18:00:00+04:00,3.667972521998806,269.840269086313,9,18,262
2026-09-20 07:00:00+04:00,11.266725169401331,94.07358257848381,9,7,263
2026-09-20 08:00:00+04:00,24.667719424354612,101.08608511806403,9,8,263
2026-09-20 09:00:00+04:00,37.7348949085952,109.70880612559728,9,9,263
2026-09-20 10:00:00+04:00,49.96408768053136,121.83676032901695,9,10,263
2026-09-20 11:00:00+04:00,60.191055964625335,141.24391406352788,9,11,263
2026-09-20 12:00:00+04:00,65.66552745061847,172.37532369848577,9,12,263
2026-09-20 13:00:00+04:00,63.260816190663846,207.1878053569579,9,13,263
2026-09-20 14:00:00+04:00,54.551865975107305,231.1720212673743,9,14,263
2026-09-20 15:00:00+04:00,42.94073576825898,245.70762102095674,9,15,263
2026-09-20 16:00:00+04:00,30.13254487063694,255.4620848312278,9,16,263
2026-09-20 17:00:00+04:00,16.81763876256482,262.96813892411006,9,17,263
2026-09-20 18:00:00+04:00,3.432140654370943,269.5263569017106,9,18,263
2026-09-21 07:00:00+04:00,11.180352558762971,94.46983898024229,9,7,264
2026-09-21 08:00:00+04:00,24.56784781762472,101.5101686515012,9,8,264
2026-09-21 09:00:00+04:00,37.60651760764913,110.18514225189983,9,9,264
2026-09-21 10:00:00+04:00,49.782925673190356,122.38717707182906,9,10,264
2026-09-21 11:00:00+04:00,59.92018910322744,141.8290130173756,9,11,264
2026-09-21 12:00:00+04:00,65.29037414958385,172.69797987428296,9,12,264
2026-09-21 13:00:00+04:00,62.87041135094595,207.01311573248714,9,13,264
2026-09-21 14:00:00+04:00,54.213324415656984,230.81156536036283,9,14,264
2026-09-21 15:00:00+04:00,42.647418359823035,245.34036665825965,9,15,264
2026-09-21 16:00:00+04:00,29.86721626839048,255.11914452657436,9,16,264
2026-09-21 17:00:00+04:00,16.567645606086444,262.6449116866415,9,17,264
2026-09-21 18:00:00+04:00,3.197090501284625,269.2121372730104,9,18,264
2026-09-22 07:00:00+04:00,11.093084176342131,94.86607051731869,9,7,265
2026-09-22 08:00:00+04:00,24.46639442280206,101.93377962902571,9,8,265
2026-09-22 09:00:00+04:00,37.4758185760415,110.66001535039271,9,9,265
2026-09-22 10:00:00+04:00,49.59874296724631,122.93359165783892,9,10,265
2026-09-22 11:00:00+04:00,59.64633408641009,142.40450521014054,9,11,265
2026-09-22 12:00:00+04:00,64.91418357761428,173.01099576624597,9,12,265
2026-09-22 13:00:00+04:00,62.47960957733109,206.8421472465269,9,13,265
2026-09-22 14:00:00+04:00,53.87369336979686,230.4562328515271,9,14,265
2026-09-22 15:00:00+04:00,42.352997632201124,244.97597388471996,9,15,265
2026-09-22 16:00:00+04:00,29.601117044467205,254.7775333457213,9,16,265
2026-09-22 17:00:00+04:00,16.31731320049223,262.322084285313,9,17,265
2026-09-22 18:00:00+04:00,2.9630525810051758,268.897639825282,9,18,265
2026-09-23 07:00:00+04:00,11.00487546827414,95.26215028949889,9,7,266
2026-09-23 08:00:00+04:00,24.363320750122902,102.3567723557843,9,8,266
2026-09-23 09:00:00+04:00,37.34277683898391,111.13324447313147,9,9,266
2026-09-23 10:00:00+04:00,49.4115590094343,123.47578551044705,9,10,266
2026-09-23 11:00:00+04:00,59.36958284427933,142.9702846794678,9,11,266
2026-09-23 12:00:00+04:00,64.53706805929598,173.3145216588705,9,12,266
2026-09-23 13:00:00+04:00,62.088538585960755,206.67463145934965,9,13,266
2026-09-23 14:00:00+04:00,53.533129215515615,230.1058791872919,9,14,266
2026-09-23 15:00:00+04:00,42.057622813603565,244.61441817162992,9,15,266
2026-09-23 16:00:00+04:00,29.33438732418322,254.43726513426674,9,16,266
2026-09-23 17:00:00+04:00,16.06677753395475,261.99968172291256,9,17,266
2026-09-23 18:00:00+04:00,2.730271223927491,268.5828920447502,9,18,266
2026-09-24 07:00:00+04:00,10.91568005808957,95.65795151839967,9,7,267
2026-09-24 08:00:00+04:00,24.25858735641288,102.77900128290253,9,8,267
2026-09-24 09:00:00+04:00,37.20737157487388,111.60464956599156,9,9,267
2026-09-24 10:00:00+04:00,49.22139448823648,124.01354436176246,9,10,267
2026-09-24 11:00:00+04:00,59.090027682265045,143.5262545152176,9,11,267
2026-09-24 12:00:00+04:00,64.15913852571897,173.60869924260192,9,12,267
2026-09-24 13:00:00+04:00,61.697324968488196,206.51030572104528,9,13,267
2026-09-24 14:00:00+04:00,53.191788031264814,229.76035529447583,9,14,267
2026-09-24 15:00:00+04:00,41.76144420764765,244.25566889288086,9,15,267
2026-09-24 16:00:00+04:00,29.067168836067612,254.09834911499848,9,16,267
2026-09-24 17:00:00+04:00,15.816176301514567,261.6777256807289,9,17,267
2026-09-24 18:00:00+04:00,2.499005845879251,268.2679190463942,9,18,267
2026-09-25 07:00:00+04:00,10.82544949782979,96.05334763402857,9,7,268
2026-09-25 08:00:00+04:00,24.15215358823745,103.20032109218744,9,8,268
2026-09-25 09:00:00+04:00,37.06958183999922,112.07405156284062,9,9,268
2026-09-25 10:00:00+04:00,49.0282709916969,124.54665826741962,9,10,268
2026-09-25 11:00:00+04:00,58.807760875548915,144.07232614430694,9,11,268
2026-09-25 12:00:00+04:00,63.78050431423645,173.89366139495507,9,12,268
2026-09-25 13:00:00+04:00,61.306094104111544,206.34891248124052,9,13,268
2026-09-25 14:00:00+04:00,52.84982551644074,229.41950760489055,9,14,268
2026-09-25 15:00:00+04:00,41.46461313083612,243.89968926310178,9,15,268
2026-09-25 16:00:00+04:00,28.799604890945016,253.76078975048097,9,16,268
2026-09-25 17:00:00+04:00,15.565648911968589,261.3562343656235,9,17,268
2026-09-25 18:00:00+04:00,2.2695319567752685,267.9527434228195,9,18,268
2026-09-26 07:00:00+04:00,10.734133209059534,96.44821232179333,9,7,269
2026-09-26 08:00:00+04:00,24.04397751940339,103.62058673900714,9,8,269
2026-09-26 09:00:00+04:00,36.92938649162806,112.54127244103393,9,9,269
2026-09-26 10:00:00+04:00,48.832210877478886,125.07492161290662,9,10,269
2026-09-26 11:00:00+04:00,58.52287448480034,144.60841875074027,9,11,269
2026-09-26 12:00:00+04:00,63.401273137369174,174.16953236035943,9,12,269
2026-09-26 13:00:00+04:00,60.91497013856916,206.1901991027624,9,13,269
2026-09-26 14:00:00+04:00,52.507396900983544,229.08317847889953,9,14,269
2026-09-26 15:00:00+04:00,41.167281793383545,243.54643661032677,9,15,269
2026-09-26 16:00:00+04:00,28.531840277606026,253.42458689541712,9,16,269
2026-09-26 17:00:00+04:00,15.315336399034058,261.03522262306296,9,17,269
2026-09-26 18:00:00+04:00,2.0421416255160674,267.63738535632694,9,18,269
2026-09-27 07:00:00+04:00,10.641678789665594,96.84241942434778,9,7,270
2026-09-27 08:00:00+04:00,23.93401626970174,104.03965335323608,9,8,270
2026-09-27 09:00:00+04:00,36.786764512396374,113.00613515356747,9,9,270
2026-09-27 10:00:00+04:00,48.63323755860495,125.59813305151812,9,10,270
2026-09-27 11:00:00+04:00,58.235460595019426,145.13445885211536,9,11,270
2026-09-27 12:00:00+04:00,63.021551400127215,174.4364285031254,9,12,270
2026-09-27 13:00:00+04:00,60.524076150204806,206.03391849073725,9,13,270
2026-09-27 14:00:00+04:00,52.16465690431347,228.7512073364807,9,14,270
2026-09-27 15:00:00+04:00,40.86960314446318,243.1958632484308,9,15,270
2026-09-27 16:00:00+04:00,28.26402107278773,253.08973647021412,9,16,270
2026-09-27 17:00:00+04:00,15.065381221703056,260.714702526985,9,17,270
2026-09-27 18:00:00+04:00,1.8171429881960375,267.32186319732625,9,18,270
2026-09-28 07:00:00+04:00,10.548032814284547,97.23584259924746,9,7,271
2026-09-28 08:00:00+04:00,23.8222268359878,104.45737590631552,9,8,271
2026-09-28 09:00:00+04:00,36.64169586339322,113.46846335123911,9,9,271
2026-09-28 10:00:00+04:00,48.43137634514876,126.11609532148054,9,10,271
2026-09-28 11:00:00+04:00,57.945612120641584,145.65038005164007,9,11,271
2026-09-28 12:00:00+04:00,62.641444989355975,174.69445970402478,9,12,271
2026-09-28 13:00:00+04:00,60.13353460350699,205.87983064524857,9,13,271
2026-09-28 14:00:00+04:00,51.8217598190648,228.42343262667458,9,14,271
2026-09-28 15:00:00+04:00,40.571730728038766,242.84791808216164,9,15,271
2026-09-28 16:00:00+04:00,27.99629439324748,252.75623177556741,9,16,271
2026-09-28 17:00:00+04:00,14.815926964453004,260.3946845579409,9,17,271
2026-09-28 18:00:00+04:00,1.5948581864880496,267.0061946099504,9,18,271
2026-09-29 07:00:00+04:00,10.4531421339169,97.6283547326666,9,7,272
2026-09-29 08:00:00+04:00,23.708567431347436,104.87360865471891,9,8,272
2026-09-29 09:00:00+04:00,36.494162862290004,113.9280809265178,9,9,272
2026-09-29 10:00:00+04:00,48.22665582287054,126.6286149890687,9,10,272
2026-09-29 11:00:00+04:00,57.653424139455645,146.1561230019763,9,11,272
2026-09-29 12:00:00+04:00,62.261060491583656,174.94373134360148,9,12,272
2026-09-29 13:00:00+04:00,59.743468061937605,205.72770500224948,9,13,272
2026-09-29 14:00:00+04:00,51.478859700599244,228.09969452403882,9,14,272
2026-09-29 15:00:00+04:00,40.27381854227678,242.5025488443842,9,15,272
2026-09-29 16:00:00+04:00,27.72880808922015,252.42406535533104,9,16,272
2026-09-29 17:00:00+04:00,14.567117943340964,260.0751792755092,9,17,272
2026-09-29 18:00:00+04:00,1.3756187614153055,266.69039819208155,9,18,272
2026-09-30 07:00:00+04:00,10.356955523235618,98.01982726168774,9,7,273
2026-09-30 08:00:00+04:00,23.592999176952095,105.28820453334953,9,8,273
2026-09-30 09:00:00+04:00,36.344151911489455,114.38481157267603,9,9,273
2026-09-30 10:00:00+04:00,48.01910956200506,127.13550231562061,9,10,273
2026-09-30 11:00:00+04:00,57.35899551290307,146.65163570452557,9,11,273
2026-09-30 12:00:00+04:00,61.88050658839224,175.18434668959173,9,12,273
2026-09-30 13:00:00+04:00,59.353999975892336,205.57732314144562,9,13,273
2026-09-30 14:00:00+04:00,51.136110557390566,227.7798379187514,9,14,273
2026-09-30 15:00:00+04:00,39.97602083643541,242.1597045991013,9,15,273
2026-09-30 16:00:00+04:00,27.461710331819116,252.0932310870217,9,16,273
2026-09-30 17:00:00+04:00,14.31909867417797,259.7561991897085,9,17,273
2026-09-30 18:00:00+04:00,1.1597569957227205,266.37449527381773,9,18,273
2026-10-01 07:00:00+04:00,10.259425406070934,98.41012966481208,10,7,274
2026-10-01 08:00:00+04:00,23.47548785254492,105.7010147632451,10,8,274
2026-10-01 09:00:00+04:00,36.19165525170931,114.83847862370902,10,9,274
2026-10-01 10:00:00+04:00,47.8087778085426,127.63657150206092,10,10,274
2026-10-01 11:00:00+04:00,57.06243040317174,147.13687423496094,10,11,274
2026-10-01 12:00:00+04:00,61.49989525735529,175.4164094274663,10,12,274
2026-10-01 13:00:00+04:00,58.965255273880516,205.4284812996448,10,13,274
2026-10-01 14:00:00+04:00,50.79366637270412,227.4637151384363,10,14,274
2026-10-01 15:00:00+04:00,39.678491751380086,241.81933801083875,10,15,274
2026-10-01 16:00:00+04:00,27.195149044094645,251.76372605877705,10,16,274
2026-10-01 17:00:00+04:00,14.072013182391094,259.437760421146,10,17,274
2026-10-01 18:00:00+04:00,0.9475909926979653,266.0585114980711,10,18,274
2026-10-02 07:00:00+04:00,10.16050937160977,98.79912935761638,10,7,275
2026-10-02 08:00:00+04:00,23.35600540977741,106.11188890918783,10,8,275
2026-10-02 09:00:00+04:00,36.03667243247013,115.28890540436487,10,9,275
2026-10-02 10:00:00+04:00,47.59570880405221,128.1316414646431,10,10,275
2026-10-02 11:00:00+04:00,56.763839324839665,147.6118038867407,10,11,275
2026-10-02 12:00:00+04:00,61.11934245488388,175.64002600954166,10,12,275
2026-10-02 13:00:00+04:00,58.57736052937138,205.28099223055628,10,13,275
2026-10-02 14:00:00+04:00,50.45168082431563,227.15118794231415,10,14,275
2026-10-02 15:00:00+04:00,39.381384735870235,241.4814069768459,10,15,275
2026-10-02 16:00:00+04:00,26.92927114904627,251.4355518786319,10,16,275
2026-10-02 17:00:00+04:00,13.826004153251281,259.11988382644324,10,17,275
2026-10-02 18:00:00+04:00,0.7394003317480065,265.74247787295997,10,18,275
2026-10-03 07:00:00+04:00,10.060171272220115,99.18669207722462,10,7,276
2026-10-03 08:00:00+04:00,23.23453103425977,106.52067545041439,10,8,276
2026-10-03 09:00:00+04:00,35.87921127348555,115.73591611068309,10,9,276
2026-10-03 10:00:00+04:00,47.37995952909072,128.62053711044774,10,10,276
2026-10-03 11:00:00+04:00,56.4633395413486,148.07640055691195,10,11,276
2026-10-03 12:00:00+04:00,60.73896815461702,175.85530756731396,10,12,276
2026-10-03 13:00:00+04:00,58.19044365329578,205.13468613220985,10,13,276
2026-10-03 14:00:00+04:00,50.11030671562031,226.84212855133921,10,14,276
2026-10-03 15:00:00+04:00,39.08485178723796,241.14587543710036,10,15,276
2026-10-03 16:00:00+04:00,26.66422170700068,251.10871526521527,10,16,276
2026-10-03 17:00:00+04:00,13.581212005590853,258.80259546198096,10,17,276
2026-10-03 18:00:00+04:00,0.5353880239777505,265.42643117438695,10,18,276
2026-10-04 07:00:00+04:00,9.95838181569758,99.57268264569501,10,7,277
2026-10-04 08:00:00+04:00,23.111051668523537,106.92722272207277,10,8,277
2026-10-04 09:00:00+04:00,35.71928824885547,116.17933703447363,10,9,277
2026-10-04 10:00:00+04:00,47.161595819282745,129.10309083442218,10,10,277
2026-10-04 11:00:00+04:00,56.16105482020274,148.53065202775724,10,11,277
2026-10-04 12:00:00+04:00,60.358895834831245,176.06237111641224,10,12,277
2026-10-04 13:00:00+04:00,57.804633241740305,204.98941062007043,10,13,277
2026-10-04 14:00:00+04:00,49.76969524674519,226.53641977927222,10,14,277
2026-10-04 15:00:00+04:00,38.7890426535637,240.81271343216758,10,15,277
2026-10-04 16:00:00+04:00,26.40014308816656,250.78322799125704,10,16,277
2026-10-04 17:00:00+04:00,13.337774046627445,258.4859264572769,10,17,277
2026-10-04 18:00:00+04:00,0.3356233071926057,265.1104137832103,10,18,277
2026-10-05 07:00:00+04:00,9.855118664873865,99.95696588044774,10,7,278
2026-10-05 08:00:00+04:00,22.985562029544507,107.33137997431947,10,8,278
2026-10-05 09:00:00+04:00,35.55692835136049,116.61899783717854,10,9,278
2026-10-05 10:00:00+04:00,46.94069195384712,129.57914389290482,10,10,278
2026-10-05 11:00:00+04:00,55.85711471290639,148.97455880540065,10,11,278
2026-10-05 12:00:00+04:00,59.97925164148502,176.2613399309705,10,12,278
2026-10-05 13:00:00+04:00,57.42005780800193,204.84502985912695,10,13,278
2026-10-05 14:00:00+04:00,49.42999533457024,226.23395444922664,10,14,278
2026-10-05 15:00:00+04:00,38.49410417883627,240.48189660671812,10,15,278
2026-10-05 16:00:00+04:00,26.137174342779087,250.45910637253616,10,16,278
2026-10-05 17:00:00+04:00,13.095823854309982,258.16991248815293,10,17,278
2026-10-05 18:00:00+04:00,0.13995922173057534,264.7944731351041,10,18,278
2026-10-06 07:00:00+04:00,9.750366111911978,100.3394074185212,10,7,279
2026-10-06 08:00:00+04:00,22.858064193663353,107.73299829475536,10,8,279
2026-10-06 09:00:00+04:00,35.39216452880705,117.05473258643792,10,9,279
2026-10-06 10:00:00+04:00,46.71732986093148,130.04854735786762,10,10,279
2026-10-06 11:00:00+04:00,55.55165355388937,149.40813426076983,10,11,279
2026-10-06 12:00:00+04:00,59.60016345773373,176.45234305577412,10,12,279
2026-10-06 13:00:00+04:00,57.03684511076472,204.70142301694534,10,13,279
2026-10-06 14:00:00+04:00,49.09135315151863,225.93463431746744,10,14,279
2026-10-06 15:00:00+04:00,38.20017993759131,240.15340536373174,10,15,279
2026-10-06 16:00:00+04:00,25.875450898833332,250.13637049214188,10,16,279
2026-10-06 17:00:00+04:00,12.855491011449995,257.85459302755584,10,17,279
2026-10-07 07:00:00+04:00,9.644114417274782,100.7198743013007,10,7,280
2026-10-07 08:00:00+04:00,22.72856685681614,108.13193123980494,10,8,280
2026-10-07 09:00:00+04:00,35.22503682514186,117.48638040331696,10,9,280
2026-10-07 10:00:00+04:00,46.49159807807073,130.51116249054104,10,10,280
2026-10-07 11:00:00+04:00,55.2448093488773,149.8314040039224,10,11,280
2026-10-07 12:00:00+04:00,59.22176004684328,176.63551406013448,10,12,280
2026-10-07 13:00:00+04:00,56.65512170139688,204.55848225124936,10,13,280
2026-10-07 14:00:00+04:00,48.753911963248434,225.6383687118193,10,14,280
2026-10-07 15:00:00+04:00,37.907410210857705,239.82722384912077,10,15,280
2026-10-07 16:00:00+04:00,25.61510462155017,249.8150433193273,10,16,280
2026-10-07 17:00:00+04:00,12.616901214030634,257.5400105223926,10,17,280
2026-10-08 07:00:00+04:00,9.536358922327587,101.0982352533481,10,7,281
2026-10-08 08:00:00+04:00,22.59708438676154,108.52803511232855,10,8,281
2026-10-08 09:00:00+04:00,35.05559134543179,117.91378566150098,10,9,281
2026-10-08 10:00:00+04:00,46.26359061666159,130.96686053563843,10,10,281
2026-10-08 11:00:00+04:00,54.93672269343681,150.24440458405553,10,11,281
2026-10-08 12:00:00+04:00,58.84417037315015,176.8109892376374,10,12,281
2026-10-08 13:00:00+04:00,56.27501274557564,204.41611043581463,10,13,281
2026-10-08 14:00:00+04:00,48.41781228742799,225.345073045611,10,14,281
2026-10-08 15:00:00+04:00,37.615932298053764,239.50333890403186,10,15,281
2026-10-08 16:00:00+04:00,25.356264212785902,249.49514984297133,10,16,281
2026-10-08 17:00:00+04:00,12.380176716257893,257.22620961010443,10,17,281
2026-10-09 07:00:00+04:00,9.427099059766498,101.474360647337,10,7,282
2026-10-09 08:00:00+04:00,22.463635790618884,108.92116888329639,10,8,282
2026-10-09 09:00:00+04:00,34.88387917819129,118.33679776177053,10,9,282
2026-10-09 10:00:00+04:00,46.03340585155406,131.41552199358125,10,10,282
2026-10-09 11:00:00+04:00,54.62753583160054,150.64718167541474,10,11,282
2026-10-09 12:00:00+04:00,58.46752316449421,176.97890551153432,10,12,282
2026-10-09 13:00:00+04:00,55.896642120189306,204.27421886612802,10,13,282
2026-10-09 14:00:00+04:00,48.083192326333545,225.05466739654574,10,14,282
2026-10-09 15:00:00+04:00,37.32588109980825,239.18173911829467,10,15,282
2026-10-09 16:00:00+04:00,25.09905587735954,249.1767163240093,10,16,282
2026-10-09 17:00:00+04:00,12.145437038487703,256.9132364639094,10,17,282
2026-10-10 07:00:00+04:00,9.31633738249759,101.84812219769782,10,7,283
2026-10-10 08:00:00+04:00,22.32824372678736,109.31119382028328,10,8,283
2026-10-10 09:00:00+04:00,34.70995539918883,118.75527057526523,10,9,283
2026-10-10 10:00:00+04:00,45.80114554756627,131.85703552548728,10,10,283
2026-10-10 11:00:00+04:00,54.31739193042652,151.0397879962327,10,11,283
2026-10-10 12:00:00+04:00,58.0919467266422,177.1393983142557,10,12,283
2026-10-10 13:00:00+04:00,55.520132738279415,204.1327251446782,10,13,283
2026-10-10 14:00:00+04:00,47.75018859764728,224.76707526763664,10,14,283
2026-10-10 15:00:00+04:00,37.03738987198897,238.86241406823078,10,15,283
2026-10-10 16:00:00+04:00,24.843604140469406,248.8597697303213,10,16,283
2026-10-10 17:00:00+04:00,11.912799808011032,256.6011383208686,10,17,283
2026-10-11 07:00:00+04:00,9.204078697846512,102.21939249408229,10,7,284
2026-10-11 08:00:00+04:00,22.1909336313562,109.69797294584879,10,8,284
2026-10-11 09:00:00+04:00,34.53387821179214,119.1690617077594,10,9,284
2026-10-11 10:00:00+04:00,45.56691406289858,132.29129670713104,10,10,284
2026-10-11 11:00:00+04:00,54.0064345612444,151.4222812272708,10,11,284
2026-10-11 12:00:00+04:00,57.71756893835124,177.2925996878172,10,12,284
2026-10-11 13:00:00+04:00,55.145606986083244,203.99155136365405,10,13,284
2026-10-11 14:00:00+04:00,47.418936624565276,224.48222257613062,10,14,284
2026-10-11 15:00:00+04:00,36.75059101056278,238.54535373625686,10,15,284
2026-10-11 16:00:00+04:00,24.59003267601895,248.54433733101155,10,16,284
2026-10-11 17:00:00+04:00,11.682381597582351,256.289963157305,10,17,284
2026-10-12 07:00:00+04:00,9.090329349579156,102.58804454869937,10,7,285
2026-10-12 08:00:00+04:00,22.051733003864037,110.08137052722299,10,8,285
2026-10-12 09:00:00+04:00,34.35570824660023,119.57803182076287,10,9,285
2026-10-12 10:00:00+04:00,45.33081770481615,132.71820690053391,10,10,285
2026-10-12 11:00:00+04:00,53.694807307418394,151.7947222188812,10,11,285
2026-10-12 12:00:00+04:00,57.344517286225766,177.43863680741697,10,12,285
2026-10-12 13:00:00+04:00,54.77318709659545,203.85062266082474,10,13,285
2026-10-12 14:00:00+04:00,47.089571502367875,224.20003685699675,10,14,285
2026-10-12 15:00:00+04:00,36.46561668744775,238.23054805873318,10,15,285
2026-10-12 16:00:00+04:00,24.33846497166755,248.23044637937377,10,16,285
2026-10-12 17:00:00+04:00,11.454298592385323,255.9797594324453,10,17,285
2026-10-13 07:00:00+04:00,8.975096664166518,102.95395152815877,10,7,286
2026-10-13 08:00:00+04:00,21.910670842271394,110.46125177012664,10,8,286
2026-10-13 09:00:00+04:00,34.175507996841624,119.98204420497694,10,9,286
2026-10-13 10:00:00+04:00,45.09296419031213,133.1376724694768,10,10,286
2026-10-13 11:00:00+04:00,53.38265341015254,152.15717371590176,10,11,286
2026-10-13 12:00:00+04:00,56.97291880769256,177.57763105885397,10,12,286
2026-10-13 13:00:00+04:00,54.40299531670073,203.70986615974243,10,13,286
2026-10-13 14:00:00+04:00,46.762228208132406,223.92044663342585,10,14,286
2026-10-13 15:00:00+04:00,36.182599211530444,237.91798653883174,10,15,286
2026-10-13 16:00:00+04:00,24.089024709584606,247.91812381754,10,16,286
2026-10-13 17:00:00+04:00,11.228666969091897,255.67057583192076,10,17,286
2026-10-14 07:00:00+04:00,8.85838857523922,103.31698674141933,10,7,287
2026-10-14 08:00:00+04:00,21.767777245167192,110.83748279581994,10,8,287
2026-10-14 09:00:00+04:00,33.99334139037643,120.38096468347555,10,9,287
2026-10-14 10:00:00+04:00,44.853462199886806,133.54960441786136,10,10,287
2026-10-14 11:00:00+04:00,53.07011542189748,152.50969964764033,10,11,287
2026-10-14 12:00:00+04:00,56.602899908853516,177.70969769624503,10,12,287
2026-10-14 13:00:00+04:00,54.03515383280568,203.56921032499233,10,13,287
2026-10-14 14:00:00+04:00,46.437041611184085,223.64338099440397,10,14,287
2026-10-14 15:00:00+04:00,35.901671071588105,237.60765795440537,10,15,287
2026-10-14 16:00:00+04:00,23.841835835526105,247.60739601619366,10,16,287
2026-10-14 17:00:00+04:00,11.005602963271626,255.36246102310895,10,17,287
2026-10-15 07:00:00+04:00,8.740213453383674,103.67702382510993,10,7,288
2026-10-15 08:00:00+04:00,21.623083202077996,111.20993083125984,10,8,288
2026-10-15 09:00:00+04:00,33.80927353128149,120.77466177001173,10,9,288
2026-10-15 10:00:00+04:00,44.612421060005,133.95391835340786,10,10,288
2026-10-15 11:00:00+04:00,52.757334924564795,152.8523648815335,10,11,288
2026-10-15 12:00:00+04:00,56.234586136963465,177.83494598790003,10,12,288
2026-10-15 13:00:00+04:00,53.66978455060541,203.4285847241369,10,13,288
2026-10-15 14:00:00+04:00,46.114146283856094,223.36876942169192,10,14,288
2026-10-15 15:00:00+04:00,35.622964760683104,237.29955022043444,10,15,288
2026-10-15 16:00:00+04:00,23.5970223926455,247.2982886291217,10,16,288
2026-10-15 17:00:00+04:00,10.785222705065186,255.0554634984482,10,17,288
2026-10-16 07:00:00+04:00,8.620580118651215,104.03393697873037,10,7,289
2026-10-16 08:00:00+04:00,21.47662056193582,111.57846445819791,10,8,289
2026-10-16 09:00:00+04:00,33.62337060872851,121.1630069039349,10,9,289
2026-10-16 10:00:00+04:00,44.369950585974564,134.350534584284,10,10,289
2026-10-16 11:00:00+04:00,52.444452375966755,153.1852352137223,10,11,289
2026-10-16 12:00:00+04:00,55.86810201888308,177.95347966557915,10,12,289
2026-10-16 13:00:00+04:00,53.307008873257146,203.28792010533326,10,13,289
2026-10-16 14:00:00+04:00,45.79367625957108,223.09654187131963,10,14,289
2026-10-16 15:00:00+04:00,35.346612516719055,236.99365045440015,10,15,289
2026-10-16 16:00:00+04:00,23.354708264051453,246.99082661037892,10,16,289
2026-10-16 17:00:00+04:00,10.567641954356487,254.74963156377152,10,17,289
2026-10-17 07:00:00+04:00,8.499497984530839,104.38760114844933,10,7,290
2026-10-17 08:00:00+04:00,21.32842213239106,111.94295381439804,10,8,290
2026-10-17 09:00:00+04:00,33.43569993457034,121.5458746415357,10,9,290
2026-10-17 10:00:00+04:00,44.12616105078356,134.73937818704115,10,10,290
2026-10-17 11:00:00+04:00,52.131607079729186,153.50837739358985,10,11,290
2026-10-17 12:00:00+04:00,55.50357100540978,178.06539745793452,10,12,290
2026-10-17 13:00:00+04:00,52.94694755601659,203.147148636172,10,13,290
2026-10-17 14:00:00+04:00,45.475764836202266,222.82662901662084,10,14,290
2026-10-17 15:00:00+04:00,35.07274609326174,236.68994517963569,10,15,290
2026-10-17 16:00:00+04:00,23.11501692991804,246.685034356703,10,16,290
2026-10-17 17:00:00+04:00,10.352975848130072,254.44501343759362,10,17,290
2026-10-18 07:00:00+04:00,8.376977206368693,104.73789213510696,10,7,291
2026-10-18 08:00:00+04:00,21.178521780137963,112.3032707137545,10,8,291
2026-10-18 09:00:00+04:00,33.24632998613213,121.92314275671981,10,9,291
2026-10-18 10:00:00+04:00,43.88116317204611,135.12037897845875,10,10,291
2026-10-18 11:00:00+04:00,51.818937188207514,153.82185906294467,10,11,291
2026-10-18 12:00:00+04:00,55.14111546314457,178.1707935156029,10,12,291
2026-10-18 13:00:00+04:00,52.58972062819334,203.00620407158397,10,13,291
2026-10-18 14:00:00+04:00,45.16054445678553,222.55896245265555,10,14,291
2026-10-18 15:00:00+04:00,34.80149660373795,236.38842051850196,10,15,291
2026-10-18 16:00:00+04:00,22.87807130009291,246.3809358456776,10,16,291
2026-10-18 17:00:00+04:00,10.141338721232811,254.1416573477744,10,17,291
2026-10-19 07:00:00+04:00,8.253028724482164,105.08468666982503,10,7,292
2026-10-19 08:00:00+04:00,21.026954419705117,112.65928872279329,10,8,292
2026-10-19 09:00:00+04:00,33.055330340180554,122.29469227815639,10,9,292
2026-10-19 10:00:00+04:00,43.63506799688585,135.49347138607544,10,10,292
2026-10-19 11:00:00+04:00,51.50657962521563,154.12574855109506,10,11,292
2026-10-19 12:00:00+04:00,54.78085662361103,178.26975759923153,10,12,292
2026-10-19 13:00:00+04:00,52.23544732213456,202.8650217052637,10,13,292
2026-10-19 14:00:00+04:00,44.84814663654702,222.29347471585808,10,14,292
2026-10-19 15:00:00+04:00,34.53299444151162,236.08906223294477,10,15,292
2026-10-19 16:00:00+04:00,22.643993639056994,246.07855464572603,10,16,292
2026-10-19 17:00:00+04:00,9.932844025950919,253.8396115137772,10,17,292
2026-10-20 07:00:00+04:00,8.127664126070732,105.4278624804956,10,7,293
2026-10-20 08:00:00+04:00,20.873755821661735,113.01088321319548,10,8,293
2026-10-20 09:00:00+04:00,32.86277142579597,122.66040746776474,10,9,293
2026-10-20 10:00:00+04:00,43.38798661879003,135.8585942081694,10,10,293
2026-10-20 11:00:00+04:00,51.19466986931026,154.42011448473795,10,11,293
2026-10-20 12:00:00+04:00,54.42291444663381,178.362374969931,10,12,293
2026-10-20 13:00:00+04:00,51.88424598927501,202.7235380092789,10,13,293
2026-10-20 14:00:00+04:00,44.53870193425282,222.03009903668496,10,14,293
2026-10-20 15:00:00+04:00,34.26736927769029,235.79185555343855,10,15,293
2026-10-20 16:00:00+04:00,22.412905588898806,245.7779137513361,10,16,293
2026-10-20 17:00:00+04:00,9.727604363545778,253.538923972644,10,17,293
2026-10-21 07:00:00+04:00,8.00089532556588,105.76729834268099,10,7,294
2026-10-21 08:00:00+04:00,20.718962235189956,113.35793137609215,10,8,294
2026-10-21 09:00:00+04:00,32.66872410290965,123.02017572976331,10,9,294
2026-10-21 10:00:00+04:00,43.14002974471133,136.2156902651276,10,10,294
2026-10-21 11:00:00+04:00,50.883341617123506,154.70502522958452,10,11,294
2026-10-21 12:00:00+04:00,54.06740741268371,178.44872602706812,10,12,294
2026-10-21 13:00:00+04:00,51.53623400726292,202.58169001550212,10,13,294
2026-10-21 14:00:00+04:00,44.2323399627341,221.76876887066575,10,14,294
2026-10-21 15:00:00+04:00,34.00475013288072,235.4967848259925,10,15,294
2026-10-21 16:00:00+04:00,22.184928283887277,245.47903526978843,10,16,294
2026-10-21 17:00:00+04:00,9.525731618703414,253.2396422746092,10,17,294
2026-10-22 07:00:00+04:00,7.872734127078644,106.10287412134079,10,7,295
2026-10-22 08:00:00+04:00,20.562609898094486,113.70031221604876,10,8,295
2026-10-22 09:00:00+04:00,32.473259132321935,123.37388747573874,10,9,295
2026-10-22 10:00:00+04:00,42.891307159847216,136.56470596836408,10,10,295
2026-10-22 11:00:00+04:00,50.57272637013956,154.98054823194718,10,11,295
2026-10-22 12:00:00+04:00,53.71445226735989,178.52888579032754,10,12,295
2026-10-22 13:00:00+04:00,51.19152767093653,202.4394145655133,10,13,295
2026-10-22 14:00:00+04:00,43.92918941165531,221.50941730171957,10,14,295
2026-10-22 15:00:00+04:00,33.74526547937774,235.20383305167613,10,15,295
2026-10-22 16:00:00+04:00,21.960182507038336,245.18194001732505,10,16,295
2026-10-22 17:00:00+04:00,9.327337138435514,252.94181310028648,10,17,295
2026-10-23 07:00:00+04:00,7.74319176638376,106.43447084192985,10,7,296
2026-10-23 08:00:00+04:00,20.404734525138764,114.03790657089746,10,8,296
2026-10-23 09:00:00+04:00,32.276446629425195,123.72143601696081,10,9,296
2026-10-23 10:00:00+04:00,42.6419271869108,136.90559094113928,10,10,296
2026-10-23 11:00:00+04:00,50.26295300749216,155.24674944315893,10,11,296
2026-10-23 12:00:00+04:00,53.36416373367175,178.60292346982874,10,12,296
2026-10-23 13:00:00+04:00,50.85024203642596,202.29664761755834,10,13,296
2026-10-23 14:00:00+04:00,43.62937801245159,221.25197647458646,10,14,296
2026-10-23 15:00:00+04:00,33.48904327480489,234.91298144401844,10,15,296
2026-10-23 16:00:00+04:00,21.738788776790898,244.88664712313079,10,16,296
2026-10-23 17:00:00+04:00,9.132531835788226,252.6454818835706,10,17,296
2026-10-24 07:00:00+04:00,7.612278599364756,106.76197082592881,10,7,297
2026-10-24 08:00:00+04:00,20.245370942323397,114.37059720732941,10,8,297
2026-10-24 09:00:00+04:00,32.078355664124345,124.0627175613331,10,9,297
2026-10-24 10:00:00+04:00,42.3919962782839,137.23829779931248,10,10,297
2026-10-24 11:00:00+04:00,49.95414746177393,155.5036930146174,10,11,297
2026-10-24 12:00:00+04:00,53.016654261297774,178.67090236675415,10,12,297
2026-10-24 13:00:00+04:00,50.512490723691776,202.15332390596095,10,13,297
2026-10-24 14:00:00+04:00,43.33303240440489,220.99637730177594,10,14,297
2026-10-24 15:00:00+04:00,33.23621087116569,234.62420919047776,10,15,297
2026-10-24 16:00:00+04:00,21.520867284111937,244.5931738071357,10,16,297
2026-10-24 17:00:00+04:00,8.941426134188713,252.35069258941854,10,17,297
2026-10-25 07:00:00+04:00,7.480004135570637,107.0852578125814,10,7,298
2026-10-25 08:00:00+04:00,20.084553077845847,114.69826892601276,10,8,298
2026-10-25 09:00:00+04:00,31.879054223018535,124.39763126658823,10,9,298
2026-10-25 10:00:00+04:00,42.14161896698661,137.56278209324097,10,10,298
2026-10-25 11:00:00+04:00,49.646432715525066,155.75144133911954,10,11,298
2026-10-25 12:00:00+04:00,52.67203400396593,178.73288030818856,10,12,298
2026-10-25 13:00:00+04:00,50.17838582179495,202.00937721687015,10,13,298
2026-10-25 14:00:00+04:00,43.04027799051351,220.7425497395692,10,14,298
2026-10-25 15:00:00+04:00,32.98689482732343,234.33749371622088,10,15,298
2026-10-25 16:00:00+04:00,21.30653768514372,244.30153560029447,10,16,298
2026-10-25 17:00:00+04:00,8.754129730897303,252.05748790628542,10,17,298
2026-10-26 07:00:00+04:00,7.346377604096232,107.40421687515334,10,7,299
2026-10-26 08:00:00+04:00,19.922314512923815,115.02080849277127,10,8,299
2026-10-26 09:00:00+04:00,31.67860975505217,124.72607917921937,10,9,299
2026-10-26 10:00:00+04:00,41.89089842425301,137.87900228137016,10,10,299
2026-10-26 11:00:00+04:00,49.33992938152477,155.99005538495192,10,11,299
2026-10-26 12:00:00+04:00,52.330411284746006,178.78891068485814,10,12,299
2026-10-26 13:00:00+04:00,49.84803812424604,201.86474147877178,10,13,299
2026-10-26 14:00:00+04:00,42.75123896354335,220.49042388939006,10,14,299
2026-10-26 15:00:00+04:00,32.741220776300594,234.05281169970092,10,15,299
2026-10-26 16:00:00+04:00,21.095918862376816,244.01174725655528,10,16,299
2026-10-26 17:00:00+04:00,8.570751277964684,251.7659100908819,10,17,299
2026-10-27 07:00:00+04:00,7.211409113345517,107.71873396560306,10,7,300
2026-10-27 08:00:00+04:00,19.758689660651633,115.33810423629961,10,8,300
2026-10-27 09:00:00+04:00,31.47709038282372,125.04796590828596,10,9,300
2026-10-27 10:00:00+04:00,41.63993770743724,138.18691957191965,10,10,300
2026-10-27 11:00:00+04:00,49.0347569730402,156.2195951688151,10,11,300
2026-10-27 12:00:00+04:00,51.991893677665686,178.83904397158517,10,12,300
2026-10-27 13:00:00+04:00,49.52155783380442,201.7193526067873,10,13,300
2026-10-27 14:00:00+04:00,42.46603864037214,220.23993191428696,10,14,300
2026-10-27 15:00:00+04:00,32.49931346938624,233.7701408647912,10,15,300
2026-10-27 16:00:00+04:00,20.889128769406103,243.72382438565248,10,16,300
2026-10-27 17:00:00+04:00,8.391398078712397,251.4760024978088,10,17,300
2026-10-28 07:00:00+04:00,7.0751112526257804,108.0286951434889,10,7,301
2026-10-28 08:00:00+04:00,19.59371540850211,115.65004537513602,10,8,301
2026-10-28 09:00:00+04:00,31.274566599292555,125.36319809553953,10,9,301
2026-10-28 10:00:00+04:00,41.3888415089693,138.48649768349236,10,10,301
2026-10-28 11:00:00+04:00,48.73103565803321,156.44012033400577,10,11,301
2026-10-28 12:00:00+04:00,51.65658950893255,178.88332951825987,10,12,301
2026-10-28 13:00:00+04:00,49.19905558950998,201.5731507712007,10,13,301
2026-10-28 14:00:00+04:00,42.184800011908955,219.9910104219382,10,14,301
2026-10-28 15:00:00+04:00,32.26129693814318,233.48946222763198,10,15,301
2026-10-28 16:00:00+04:00,20.686284325317004,243.4377855020037,10,16,301
2026-10-28 17:00:00+04:00,8.216175782253009,251.1878114938934,10,17,301
2026-10-29 07:00:00+04:00,6.937500799696385,108.33398582922143,10,7,302
2026-10-29 08:00:00+04:00,19.42743285637875,115.95652141419373,10,8,302
2026-10-29 09:00:00+04:00,31.071113033595104,125.67168400623655,10,9,302
2026-10-29 10:00:00+04:00,41.13771793340325,138.77770278109114,10,10,302
2026-10-29 11:00:00+04:00,48.42888798010789,156.65169090484437,10,11,302
2026-10-29 12:00:00+04:00,51.32460927060263,178.9218174070411,10,12,302
2026-10-29 13:00:00+04:00,48.8806433818003,201.4260826145058,10,13,302
2026-10-29 14:00:00+04:00,41.907646171660055,219.74360274302705,10,14,302
2026-10-29 15:00:00+04:00,32.02729453635478,233.21076220967416,10,15,302
2026-10-29 16:00:00+04:00,20.48750118119503,243.15365392700556,10,16,302
2026-10-29 17:00:00+04:00,8.045187946747843,250.90138820562447,10,17,302
2026-10-30 07:00:00+04:00,6.79860018919675,108.634490542366,10,7,303
2026-10-30 08:00:00+04:00,19.259888762719044,116.2574220569553,10,8,303
2026-10-30 09:00:00+04:00,30.866809848107216,125.9733336622669,10,9,303
2026-10-30 10:00:00+04:00,40.8866798054684,139.0605039370443,10,10,303
2026-10-30 11:00:00+04:00,48.128440000259246,156.8543683874899,10,11,303
2026-10-30 12:00:00+04:00,50.99606640005442,178.9545602407643,10,12,303
2026-10-30 13:00:00+04:00,48.566434877904065,201.2781030230621,10,13,303
2026-10-30 14:00:00+04:00,41.63470024343092,219.4976605990375,10,14,303
2026-10-30 15:00:00+04:00,31.79742855926965,232.93403410980272,10,15,303
2026-10-30 16:00:00+04:00,20.292893123311323,242.87145905087422,10,16,303
2026-10-30 17:00:00+04:00,7.878535288100158,250.61678961732457,10,17,303
2026-10-31 07:00:00+04:00,6.658438526164468,108.93009338463276,10,7,304
2026-10-31 08:00:00+04:00,19.091136460159245,116.5526378619744,10,8,304
2026-10-31 09:00:00+04:00,30.66174351122596,126.26805970976426,10,9,304
2026-10-31 10:00:00+04:00,40.63584524066411,139.33487424902148,10,10,304
2026-10-31 11:00:00+04:00,47.82982158939147,157.04821725108104,10,11,304
2026-10-31 12:00:00+04:00,50.67107717759119,178.9816147804637,10,12,304
2026-10-31 13:00:00+04:00,48.25654495441674,201.12917629982644,10,13,304
2026-10-31 14:00:00+04:00,41.3660846591738,219.25314496912506,10,14,304
2026-10-31 15:00:00+04:00,31.571819342924943,232.65927874162654,10,15,304
2026-10-31 16:00:00+04:00,20.102571057706825,242.59123677213222,10,16,304
2026-10-31 17:00:00+04:00,7.716314587099093,250.33407885544227,10,17,304
2026-11-01 07:00:00+04:00,6.5170521657020055,109.22067916100849,11,7,305
2026-11-01 08:00:00+04:00,18.92123627464001,116.84206150947182,11,8,305
2026-11-01 09:00:00+04:00,30.456007003434774,126.55577885434872,11,9,305
2026-11-01 10:00:00+04:00,40.38533756331834,139.60079240471447,11,10,305
2026-11-01 11:00:00+04:00,47.53316601113814,157.2333065957032,11,11,305
2026-11-01 12:00:00+04:00,50.34975993039403,179.0030433747695,11,12,305
2026-11-01 13:00:00+04:00,47.951088636868214,200.97927683067923,11,13,305
2026-11-01 14:00:00+04:00,41.10191997569853,219.01002632765037,11,14,305
2026-11-01 15:00:00+04:00,31.350584018609684,232.38650443387942,11,15,305
2026-11-01 16:00:00+04:00,19.91664174129337,242.3130293231312,11,16,305
2026-11-01 17:00:00+04:00,7.558617414599236,250.05332487725062,11,17,305
2026-11-02 07:00:00+04:00,6.3744849750039805,109.50613471748301,11,7,306
2026-11-02 08:00:00+04:00,18.750255606469842,117.12558923700112,11,8,306
2026-11-02 09:00:00+04:00,30.249699668212383,126.83641339244815,11,9,306
2026-11-02 10:00:00+04:00,40.135284874092434,139.8582442349047,11,10,306
2026-11-02 11:00:00+04:00,47.238609183644385,157.4097116350663,11,11,306
2026-11-02 12:00:00+04:00,50.03223399574161,179.01891503308252,11,12,306
2026-11-02 13:00:00+04:00,47.650179906650585,200.82838936435394,11,13,306
2026-11-02 14:00:00+04:00,40.8423236521845,218.76828453330916,11,14,306
2026-11-02 15:00:00+04:00,31.13383529577005,232.11572673615757,11,15,306
2026-11-02 16:00:00+04:00,19.73520659209419,242.03688484235505,11,16,306
2026-11-02 17:00:00+04:00,7.405528982858109,249.774601930906,11,17,306
2026-11-03 07:00:00+04:00,6.230788389904308,109.78635005883416,11,7,307
2026-11-03 08:00:00+04:00,18.578268822706754,117.40312200147724,11,8,307
2026-11-03 09:00:00+04:00,30.042926909255286,127.10989238532761,11,9,307
2026-11-03 10:00:00+04:00,39.885819530974615,140.10722380260034,11,10,307
2026-11-03 11:00:00+04:00,46.946288963069414,157.5775146260894,11,11,307
2026-11-03 12:00:00+04:00,49.71861884256392,179.02930599718297,11,12,307
2026-11-03 13:00:00+04:00,47.35393077452367,200.67650897517746,11,13,307
2026-11-03 14:00:00+04:00,40.58740915331961,218.5279085646137,11,14,307
2026-11-03 15:00:00+04:00,30.921680608640585,231.8469680604258,11,15,307
2026-11-03 16:00:00+04:00,19.558360878958528,241.76285694179708,11,16,307
2026-11-03 17:00:00+04:00,7.257127384917295,249.4979890473267,11,17,307
2026-11-04 07:00:00+04:00,6.086021263262849,110.06121901508038,11,7,308
2026-11-04 08:00:00+04:00,18.405356972413532,117.6745661332796,11,8,308
2026-11-04 09:00:00+04:00,29.835799774778437,127.3761522402275,11,9,308
2026-11-04 10:00:00+04:00,39.637077616661365,140.3477337929644,11,10,308
2026-11-04 11:00:00+04:00,46.65634456092391,157.73680504328047,11,11,308
2026-11-04 12:00:00+04:00,49.40903349284118,179.03429965074042,11,12,308
2026-11-04 13:00:00+04:00,47.06245077898686,200.5236406204121,11,13,308
2026-11-04 14:00:00+04:00,40.33728554049789,218.28889606349185,11,14,308
2026-11-04 15:00:00+04:00,30.714221768666466,231.58025726883378,11,15,308
2026-11-04 16:00:00+04:00,19.38619342495912,241.49100429120634,11,16,308
2026-11-04 17:00:00+04:00,7.113483354272896,249.2235695867579,11,17,308
2026-11-05 07:00:00+04:00,5.940249435335927,110.33063946560264,11,7,309
2026-11-05 08:00:00+04:00,18.231607262335928,117.93983349922365,11,8,309
2026-11-05 09:00:00+04:00,29.628434367543218,127.63513672039613,11,9,309
2026-11-05 10:00:00+04:00,39.3891983335518,140.57978523871856,11,10,309
2026-11-05 11:00:00+04:00,46.36891602882503,157.88767902989116,11,11,309
2026-11-05 12:00:00+04:00,49.10359616802538,179.0339857629706,11,12,309
2026-11-05 13:00:00+04:00,46.775846836507526,200.3697982325365,11,13,309
2026-11-05 14:00:00+04:00,40.09205748837795,218.0512525964916,11,14,309
2026-11-05 15:00:00+04:00,30.511555076926193,231.31562910402658,11,15,309
2026-11-05 16:00:00+04:00,19.21878678607993,241.2213901193623,11,16,309
2026-11-05 17:00:00+04:00,6.974660495952909,248.95143075131608,11,17,309
2026-11-06 07:00:00+04:00,5.793545024356555,110.5945132552066,11,7,310
2026-11-06 08:00:00+04:00,18.057112276996595,118.198841311629,11,8,310
2026-11-06 09:00:00+04:00,29.420951048109412,127.88679653071017,11,9,310
2026-11-06 10:00:00+04:00,39.14232326983044,140.8033967362096,11,10,310
2026-11-06 11:00:00+04:00,46.08414372467047,158.03023827388097,11,11,310
2026-11-06 12:00:00+04:00,48.80242404737892,179.02845919031756,11,12,310
2026-11-06 13:00:00+04:00,46.49422331341887,200.21500338628553,11,13,310
2026-11-06 14:00:00+04:00,39.851825593765994,217.81499061938513,11,14,310
2026-11-06 15:00:00+04:00,30.313771771349206,231.05312341748774,11,15,310
2026-11-06 16:00:00+04:00,19.056217782766602,240.95408158120364,11,16,310
2026-11-06 17:00:00+04:00,6.840715881609556,248.6816630035501,11,17,310
2026-11-07 07:00:00+04:00,5.645985511836069,110.85274590366623,11,7,311
2026-11-07 08:00:00+04:00,17.881969018786542,118.45151169965271,11,8,311
2026-11-07 09:00:00+04:00,29.213473503895894,128.13108862508852,11,9,311
2026-11-07 10:00:00+04:00,38.89659559235453,141.0185933440806,11,10,311
2026-11-07 11:00:00+04:00,45.80216778086884,158.16458855691644,11,11,311
2026-11-07 12:00:00+04:00,48.5056331030015,179.01781827033324,11,12,311
2026-11-07 13:00:00+04:00,46.217682237779506,200.0592837288243,11,13,311
2026-11-07 14:00:00+04:00,39.61668686535305,217.58012827580922,11,14,311
2026-11-07 15:00:00+04:00,30.120958674363838,230.79278429321886,11,15,311
2026-11-07 16:00:00+04:00,18.898558240625338,240.68914906267457,11,16,311
2026-11-07 17:00:00+04:00,6.71170086014775,248.41435944971224,11,17,311
2026-11-08 07:00:00+04:00,5.497652780144187,111.1052461845245,11,7,312
2026-11-08 08:00:00+04:00,17.70627792102002,118.69777113864382,11,8,312
2026-11-08 09:00:00+04:00,29.00612781817043,128.36797535909017,11,9,312
2026-11-08 10:00:00+04:00,38.65215927696527,141.2254053370421,11,10,312
2026-11-08 11:00:00+04:00,45.523127640638755,158.29083819068865,11,11,312
2026-11-08 12:00:00+04:00,48.21333802412546,179.00216316918204,11,12,312
2026-11-08 13:00:00+04:00,45.94632360402883,199.9026714145568,11,13,312
2026-11-08 14:00:00+04:00,39.38673530505585,217.346688214562,11,14,312
2026-11-08 15:00:00+04:00,29.93319893401655,230.53465919562305,11,15,312
2026-11-08 16:00:00+04:00,18.745875821389152,240.42666552152156,11,16,312
2026-11-08 17:00:00+04:00,6.587661946270436,248.14961527508092,11,17,312
2026-11-09 07:00:00+04:00,5.348632228270045,111.35192565986648,11,7,313
2026-11-09 08:00:00+04:00,17.530141946856833,118.93754984167924,11,8,313
2026-11-09 09:00:00+04:00,28.799041637335282,128.59742362417222,11,9,313
2026-11-09 10:00:00+04:00,38.40915844381138,141.4238669877609,11,10,313
2026-11-09 11:00:00+04:00,45.24716169291364,158.4090965706298,11,11,313
2026-11-09 12:00:00+04:00,47.9256522032085,178.98159440480686,11,12,313
2026-11-09 13:00:00+04:00,45.680245693142304,199.74520172521272,11,13,313
2026-11-09 14:00:00+04:00,39.16206247006333,217.11469655131765,11,14,313
2026-11-09 15:00:00+04:00,29.750572717263104,230.27879823560497,11,15,313
2026-11-09 16:00:00+04:00,18.598234791881065,240.16670592498613,11,16,313
2026-11-09 17:00:00+04:00,6.468641645024852,247.88752726269837,11,17,313
2026-11-10 07:00:00+04:00,5.199012031572119,111.59269829395271,11,7,314
2026-11-10 08:00:00+04:00,17.35366582575334,119.17078124973216,11,8,314
2026-11-10 09:00:00+04:00,28.592343472570303,128.81940412642666,11,9,314
2026-11-10 10:00:00+04:00,38.16773680157736,141.61401556241765,11,10,314
2026-11-10 11:00:00+04:00,44.97440696218068,158.51947301792165,11,11,314
2026-11-10 12:00:00+04:00,47.642687702076834,178.9562116904251,11,12,314
2026-11-10 13:00:00+04:00,45.419545299657635,199.58691196008198,11,13,314
2026-11-10 14:00:00+04:00,38.94275789226758,216.88418201424764,11,14,314
2026-11-10 15:00:00+04:00,29.573157737734427,230.02525355038946,11,15,314
2026-11-10 16:00:00+04:00,18.455696613070753,239.90934676308873,11,16,314
2026-11-10 17:00:00+04:00,6.354679089284519,247.6281933677268,11,17,314
2026-11-11 07:00:00+04:00,5.0488825700079785,111.82748024301804,11,7,315
2026-11-11 08:00:00+04:00,17.176955444122054,119.39740172401525,11,8,315
2026-11-11 09:00:00+04:00,28.3861621232305,129.03389090567208,11,9,315
2026-11-11 10:00:00+04:00,37.92803717285538,141.7958906282284,11,10,315
2026-11-11 11:00:00+04:00,44.7049988113136,158.6220760107842,11,11,315
2026-11-11 12:00:00+04:00,47.36455513801986,178.92611318461422,11,12,315
2026-11-11 13:00:00+04:00,45.1643177922738,199.42784064847774,11,13,315
2026-11-11 14:00:00+04:00,38.728909276647386,216.65517529880543,11,14,315
2026-11-11 15:00:00+04:00,29.401029539690253,229.77407880370072,11,15,315
2026-11-11 16:00:00+04:00,18.31832027369568,239.65466563312907,11,16,315
2026-11-11 17:00:00+04:00,6.245810428003044,247.37171233163772,11,17,315
2026-11-12 07:00:00+04:00,4.898336043316867,112.05618982615806,11,7,316
2026-11-12 08:00:00+04:00,17.00011740820352,119.61735044357789,11,8,316
2026-11-12 09:00:00+04:00,28.18062625027898,129.24086110736312,11,9,316
2026-11-12 10:00:00+04:00,37.69020112689301,141.96953368540676,11,10,316
2026-11-12 11:00:00+04:00,44.439070677631975,158.71701280046318,11,11,316
2026-11-12 12:00:00+04:00,47.09136351337056,178.89139511982307,11,12,316
2026-11-12 13:00:00+04:00,44.91465703861464,199.26802708046583,11,13,316
2026-11-12 14:00:00+04:00,38.5206025134917,216.42770864140033,11,14,316
2026-11-12 15:00:00+04:00,29.234261564120903,229.52532883686297,11,15,316
2026-11-12 16:00:00+04:00,18.18616239607686,239.4027409262813,11,16,316
2026-11-12 17:00:00+04:00,6.1420689898362895,247.11818337081957,11,17,316
2026-11-13 07:00:00+04:00,4.747466275319765,112.27874759790086,11,7,317
2026-11-13 08:00:00+04:00,16.823258785151882,119.8305694222338,11,8,317
2026-11-13 09:00:00+04:00,27.975864111671044,129.44029490886317,11,9,317
2026-11-13 10:00:00+04:00,37.454368745093014,142.13498800967,11,10,317
2026-11-13 11:00:00+04:00,44.176753896023506,158.80438931205072,11,11,317
2026-11-13 12:00:00+04:00,46.82322006361553,178.85215175467647,11,12,317
2026-11-13 13:00:00+04:00,44.670655277554054,199.10751114242692,11,13,317
2026-11-13 14:00:00+04:00,38.31792158680207,216.20181563361467,11,14,317
2026-11-13 15:00:00+04:00,29.072925085883004,229.2790594966507,11,15,317
2026-11-13 16:00:00+04:00,18.05927719910115,239.15365165224802,11,16,317
2026-11-13 17:00:00+04:00,6.043485295403945,246.86770598520982,11,17,317
2026-11-14 07:00:00+04:00,4.596368669645315,112.49507644469622,11,7,318
2026-11-14 08:00:00+04:00,16.646486990098822,120.03700356219599,11,8,318
2026-11-14 09:00:00+04:00,27.77200343538691,129.6321755069153,11,9,318
2026-11-14 10:00:00+04:00,37.22067850614453,142.29229859242406,11,10,318
2026-11-14 11:00:00+04:00,43.91817761276164,158.88431018243307,11,11,318
2026-11-14 12:00:00+04:00,46.560230159215,178.8084754922836,11,12,318
2026-11-14 13:00:00+04:00,44.43240300625837,198.94633332420187,11,13,318
2026-11-14 14:00:00+04:00,38.12094846490195,215.97753118702744,11,14,318
2026-11-14 15:00:00+04:00,28.91708910926474,229.0353275893135,11,15,318
2026-11-14 16:00:00+04:00,17.937716406762103,238.90747736855062,11,16,318
2026-11-14 17:00:00+04:00,5.950087023744874,246.62037985162397,11,17,318
2026-11-15 07:00:00+04:00,4.445140196209633,112.70510166800432,11,7,319
2026-11-15 08:00:00+04:00,16.46990970179931,120.23660069700884,11,8,319
2026-11-15 09:00:00+04:00,27.569171321946094,129.81648910253062,11,9,319
2026-11-15 10:00:00+04:00,36.98926720073304,142.4415120949174,11,10,319
2026-11-15 11:00:00+04:00,43.66346871955923,158.9568788142957,11,11,319
2026-11-15 12:00:00+04:00,46.30249722058885,178.76045700882298,11,12,319
2026-11-15 13:00:00+04:00,44.19998887657525,198.78453473529243,11,13,319
2026-11-15 14:00:00+04:00,37.929762997515695,215.75489150517933,11,14,319
2026-11-15 15:00:00+04:00,28.766820274030465,228.79419083166144,11,15,319
2026-11-15 16:00:00+04:00,17.82152916897183,238.6642981038851,11,16,319
2026-11-15 17:00:00+04:00,5.861898994702815,246.37630471002336,11,17,319
2026-11-16 07:00:00+04:00,4.293879297733098,112.9087510613989,11,7,320
2026-11-16 08:00:00+04:00,16.293634694266952,120.4293116189566,11,8,320
2026-11-16 09:00:00+04:00,27.367494052746775,129.993224845442,11,9,320
2026-11-16 10:00:00+04:00,36.760269755054814,142.58267673135856,11,10,320
2026-11-16 11:00:00+04:00,43.412751711989785,159.02219731566674,11,11,320
2026-11-16 12:00:00+04:00,46.0501225871219,178.70818522731315,11,12,320
2026-11-16 13:00:00+04:00,43.97349958181256,198.62215695945764,11,13,320
2026-11-16 14:00:00+04:00,37.744442839116644,215.5339339013736,11,14,320
2026-11-16 15:00:00+04:00,28.622182813120723,228.55570766922227,11,15,320
2026-11-16 16:00:00+04:00,17.710762055528694,238.42419416356117,11,16,320
2026-11-16 17:00:00+04:00,5.778943242530714,246.13558014251856,11,17,320
2026-11-17 07:00:00+04:00,4.142685627531116,113.10595495115655,11,7,321
2026-11-17 08:00:00+04:00,16.117769497429116,120.615090045839,11,8,321
2026-11-17 09:00:00+04:00,27.167096748065756,130.16237469608603,11,9,321
2026-11-17 10:00:00+04:00,36.533818920630935,142.7158420248868,11,10,321
2026-11-17 11:00:00+04:00,43.16614844655315,159.080366253144,11,11,321
2026-11-17 12:00:00+04:00,45.80320533477511,178.65174703665843,11,12,321
2026-11-17 13:00:00+04:00,43.75301975340019,198.45924165696542,11,13,321
2026-11-17 14:00:00+04:00,37.56506343155904,215.3146964023657,11,14,321
2026-11-17 15:00:00+04:00,28.483238605611312,228.31993691881905,11,15,321
2026-11-17 16:00:00+04:00,17.605459172309384,238.18724578843768,11,16,321
2026-11-17 17:00:00+04:00,5.70123923081867,245.89830522702965,11,17,321
2026-11-18 07:00:00+04:00,3.991659618074734,113.29664615966959,11,7,322
2026-11-18 08:00:00+04:00,15.942420889103863,120.79389248340135,11,8,322
2026-11-18 09:00:00+04:00,26.968102870296434,130.32393314433466,11,9,322
2026-11-18 10:00:00+04:00,36.310044841084675,142.84105837636866,11,10,322
2026-11-18 11:00:00+04:00,42.92377781920252,159.13148415995806,11,11,322
2026-11-18 12:00:00+04:00,45.56184207797307,178.59122674239325,11,12,322
2026-11-18 13:00:00+04:00,43.538631904712304,198.29582991662946,11,13,322
2026-11-18 14:00:00+04:00,37.391698087370294,215.09721714033086,11,14,322
2026-11-18 15:00:00+04:00,28.350047366169985,228.08693724570716,11,15,322
2026-11-18 16:00:00+04:00,17.50566243450773,237.9535326864448,11,16,322
2026-11-18 17:00:00+04:00,5.628804233353001,245.66457809163512,11,17,322
2026-11-19 07:00:00+04:00,3.8409019133302507,113.48075989633594,11,7,323
2026-11-19 08:00:00+04:00,15.767694262004206,120.96567800344798,11,8,323
2026-11-19 09:00:00+04:00,26.77063361568169,130.47789682115348,11,9,323
2026-11-19 10:00:00+04:00,36.08907453115145,142.95837650234796,11,10,323
2026-11-19 11:00:00+04:00,42.68575538586065,159.17564687995628,11,11,323
2026-11-19 12:00:00+04:00,45.326126752932176,178.52670533165372,11,12,323
2026-11-19 13:00:00+04:00,43.33041639720204,198.13196143196694,11,13,323
2026-11-19 14:00:00+04:00,37.224418122861955,214.8815336053794,11,14,323
2026-11-19 15:00:00+04:00,28.22266690587311,227.85676652583493,11,15,323
2026-11-19 16:00:00+04:00,17.41141192202802,237.72313347189234,11,16,323
2026-11-19 17:00:00+04:00,5.561653812822625,245.4344953864088,11,17,323
2026-11-20 07:00:00+04:00,3.6905127316498896,113.65823367833696,11,7,324
2026-11-20 08:00:00+04:00,15.593692912436413,121.13040804697641,11,8,324
2026-11-20 09:00:00+04:00,26.574807234807047,130.62426414076936,11,9,324
2026-11-20 10:00:00+04:00,35.87103128120463,143.06784690257888,11,10,324
2026-11-20 11:00:00+04:00,42.4521929037381,159.2129469317381,11,11,324
2026-11-20 12:00:00+04:00,45.09615031786258,178.45825972549937,11,12,324
2026-11-20 13:00:00+04:00,43.12845132572834,197.96767363902478,11,13,324
2026-11-20 14:00:00+04:00,37.063292919615314,214.66768183221544,11,14,324
2026-11-20 15:00:00+04:00,28.101153328837583,227.62948113383703,11,15,324
2026-11-20 16:00:00+04:00,17.322746178864467,237.49612502669353,11,16,324
2026-11-20 17:00:00+04:00,5.499802241981749,245.2081516811865,11,17,324
2026-11-21 07:00:00+04:00,3.540591294850069,113.82900740669629,11,7,325
2026-11-21 08:00:00+04:00,15.420517381789614,121.28804639681283,11,8,325
2026-11-21 09:00:00+04:00,26.3807383840063,130.76303513477507,11,9,325
2026-11-21 10:00:00+04:00,35.65603406269049,143.16951955437963,11,10,325
2026-11-21 11:00:00+04:00,42.223197829065555,159.2434731281959,11,11,325
2026-11-21 12:00:00+04:00,44.87200035419896,178.38596228290635,11,12,325
2026-11-21 13:00:00+04:00,42.93281225298338,197.80300105605346,11,13,325
2026-11-21 14:00:00+04:00,36.90838980296633,214.45569571474175,11,14,325
2026-11-21 15:00:00+04:00,27.985561027108666,227.4051353076068,11,15,325
2026-11-21 16:00:00+04:00,17.239702303060586,237.2725819049521,11,16,325
2026-11-21 17:00:00+04:00,5.443262714651743,244.98563888861037,11,17,325
2026-11-22 07:00:00+04:00,3.39123552202576,113.99302356778259,11,7,326
2026-11-22 08:00:00+04:00,15.24826506584482,121.43855930599443,11,8,326
2026-11-22 09:00:00+04:00,26.188537736095057,130.89421149885493,11,9,326
2026-11-22 10:00:00+04:00,35.44419716323867,143.26344390606687,11,10,326
2026-11-22 11:00:00+04:00,41.99887298349783,159.26731059578958,11,11,326
2026-11-22 12:00:00+04:00,44.65376074583618,178.309880774367,11,12,326
2026-11-22 13:00:00+04:00,42.74357192145543,197.63797510228738,11,13,326
2026-11-22 14:00:00+04:00,36.75977380683519,214.2456067571615,11,14,326
2026-11-22 15:00:00+04:00,27.875942499424838,227.18378088361277,11,15,326
2026-11-22 16:00:00+04:00,17.16231581612161,237.05257606206857,11,16,326
2026-11-22 17:00:00+04:00,5.392047313791426,244.76704598366135,11,17,326
2026-11-23 07:00:00+04:00,3.242542242501954,114.15022733329704,11,7,327
2026-11-23 08:00:00+04:00,15.077030384224008,121.58191557330935,11,8,327
2026-11-23 09:00:00+04:00,25.998312163936003,131.01779666438983,11,9,327
2026-11-23 10:00:00+04:00,35.23563039342217,143.34966903286858,11,10,327
2026-11-23 11:00:00+04:00,41.77931675143851,159.28454115637464,11,11,327
2026-11-23 12:00:00+04:00,44.44151179401063,178.2300789579076,11,12,327
2026-11-23 13:00:00+04:00,42.56080025641636,197.47262466812128,11,13,327
2026-11-23 14:00:00+04:00,36.617507583955124,214.0374445928517,11,14,327
2026-11-23 15:00:00+04:00,27.77234819457268,226.96546775863848,11,15,327
2026-11-23 16:00:00+04:00,17.09062046375087,236.8361772661119,11,16,327
2026-11-23 17:00:00+04:00,5.346166841032468,244.55245938130776,11,17,327
2026-11-24 07:00:00+04:00,3.0946080593357164,114.30056626487698,11,7,328
2026-11-24 08:00:00+04:00,14.906905678066359,121.71808628423105,11,8,328
2026-11-24 09:00:00+04:00,25.81016569716832,131.1337956288304,11,9,328
2026-11-24 10:00:00+04:00,35.03044009770486,143.42824371122776,11,10,328
2026-11-24 11:00:00+04:00,41.564624076718324,159.29524388724326,11,11,328
2026-11-24 12:00:00+04:00,44.235331057462254,178.1466176549136,11,12,328
2026-11-24 13:00:00+04:00,42.3845649493722,197.30697745543793,11,13,328
2026-11-24 14:00:00+04:00,36.48165172183077,213.83123838822485,11,14,328
2026-11-24 15:00:00+04:00,27.674826604188187,226.75024523724895,11,15,328
2026-11-24 16:00:00+04:00,17.02464814458409,236.62345436065084,11,16,328
2026-11-24 17:00:00+04:00,5.305630685139062,244.34196413852212,11,17,328
2026-11-25 07:00:00+04:00,2.947530739852486,114.44398954988162,11,7,329
2026-11-25 08:00:00+04:00,14.737982718953207,121.84704414586395,11,8,329
2026-11-25 09:00:00+04:00,25.624201138135277,131.2422144707325,11,9,329
2026-11-25 10:00:00+04:00,34.828730853732914,143.49921631093002,11,10,329
2026-11-25 11:00:00+04:00,41.354888149998764,159.29949570714166,11,11,329
2026-11-25 12:00:00+04:00,44.035294832388416,178.05955610932438,11,12,329
2026-11-25 13:00:00+04:00,42.21493257297253,197.14106183208503,11,13,329
2026-11-25 14:00:00+04:00,36.35226545668035,213.62701886429448,11,14,329
2026-11-25 15:00:00+04:00,27.58342462689924,226.53816401217492,11,15,329
2026-11-25 16:00:00+04:00,16.964429009949214,236.4144771358698,11,16,329
2026-11-25 17:00:00+04:00,5.270446772511969,244.13564574409656,11,17,329
2026-11-26 07:00:00+04:00,2.80141075661139,114.58044708250253,11,7,330
2026-11-26 08:00:00+04:00,14.570354414026099,121.96876271423906,11,8,330
2026-11-26 09:00:00+04:00,25.44052185822044,131.34305979795738,11,9,330
2026-11-26 10:00:00+04:00,34.63060733533611,143.56263467009762,11,10,330
2026-11-26 11:00:00+04:00,41.150202229596346,159.29737197764598,11,11,330
2026-11-26 12:00:00+04:00,43.841479730830315,177.9689533894724,11,12,330
2026-11-26 13:00:00+04:00,42.05196975501721,196.9749087344225,11,13,330
2026-11-26 14:00:00+04:00,36.22940740865365,213.42482036014817,11,14,330
2026-11-26 15:00:00+04:00,27.498187922892637,226.32927816598067,11,15,330
2026-11-26 16:00:00+04:00,16.909991528159154,236.2093181958992,11,16,330
2026-11-26 17:00:00+04:00,5.240621465776055,243.9335918723219,11,17,330
2026-11-27 07:00:00+04:00,2.6563525426149583,114.70988896329902,11,7,331
2026-11-27 08:00:00+04:00,14.404116203910899,122.08321605306668,11,8,331
2026-11-27 09:00:00+04:00,25.259233211473216,131.43633863144737,11,9,331
2026-11-27 10:00:00+04:00,34.436175698777234,143.61854635923675,11,10,331
2026-11-27 11:00:00+04:00,40.950660892820224,159.28894733360835,11,11,331
2026-11-27 12:00:00+04:00,43.65396364019939,177.8748697319636,11,12,331
2026-11-27 13:00:00+04:00,41.89574375418303,196.8085532313743,11,13,331
2026-11-27 14:00:00+04:00,36.11313577948378,213.22468239143737,11,14,331
2026-11-27 15:00:00+04:00,27.41916080610312,226.1236465810819,11,15,331
2026-11-27 16:00:00+04:00,16.861362153302203,236.0080541916459,11,16,331
2026-11-27 17:00:00+04:00,5.216159131892604,243.7358934605187,11,17,331
2026-11-28 07:00:00+04:00,2.5124652109373606,114.83226588127593,11,7,332
2026-11-28 08:00:00+04:00,14.239366857109703,122.19037925160461,11,8,332
2026-11-28 09:00:00+04:00,25.080443219713274,131.52205910886892,11,9,332
2026-11-28 10:00:00+04:00,34.245544098812196,143.66699965008138,11,10,332
2026-11-28 11:00:00+04:00,40.7563602897115,159.27429694771718,11,11,332
2026-11-28 12:00:00+04:00,43.47282562722133,177.7773678864129,11,12,332
2026-11-28 13:00:00+04:00,41.74632202508691,196.64203564940956,11,13,332
2026-11-28 14:00:00+04:00,36.00350766231375,213.0266504748945,11,14,332
2026-11-28 15:00:00+04:00,27.346385384327952,225.92133348835614,11,15,332
2026-11-28 16:00:00+04:00,16.818564367038846,235.81076613787715,11,16,332
2026-11-28 17:00:00+04:00,5.1970611799275215,243.54264484153435,11,17,332
2026-11-29 07:00:00+04:00,2.369862794102602,114.94753041278261,11,7,333
2026-11-29 08:00:00+04:00,14.076208730633521,122.2902298173006,11,8,333
2026-11-29 09:00:00+04:00,24.904262611197304,131.60023201160544,11,9,333
2026-11-29 10:00:00+04:00,34.05882243316233,143.70804519452372,11,10,333
2026-11-29 11:00:00+04:00,40.56739751538851,159.25349826821093,11,11,333
2026-11-29 12:00:00+04:00,43.29814490905413,177.67651455500777,11,12,333
2026-11-29 13:00:00+04:00,41.60377088898957,196.47540241948928,11,13,333
2026-11-29 14:00:00+04:00,35.900577557934405,212.83077642887906,11,14,333
2026-11-29 15:00:00+04:00,27.279900022285094,225.72240837791887,11,15,333
2026-11-29 16:00:00+04:00,16.781617157546087,235.6175390426735,11,16,333
2026-11-29 17:00:00+04:00,5.183324644931234,243.3539431579738,11,17,333
2026-11-30 07:00:00+04:00,2.2286642128178014,115.05563878931616,11,7,334
2026-11-30 08:00:00+04:00,13.914747780843815,122.38274949385732,11,8,334
2026-11-30 09:00:00+04:00,24.730804568630592,131.670872672418,11,9,334
2026-11-30 10:00:00+04:00,33.876121753854804,143.74173801319262,11,10,334
2026-11-30 11:00:00+04:00,40.383869617593234,159.226632944961,11,11,334
2026-11-30 12:00:00+04:00,43.12999946005331,177.57238187794837,11,12,334
2026-11-30 13:00:00+04:00,41.46815387297358,196.3087068417543,11,13,334
2026-11-30 14:00:00+04:00,35.80439560989827,212.63711851756358,11,14,334
2026-11-30 15:00:00+04:00,27.21973758660294,225.52694571112693,11,15,334
2026-11-30 16:00:00+04:00,16.750533328592173,235.42846133601915,11,16,334
2026-11-30 17:00:00+04:00,5.174940639583139,243.1698875817097,11,17,334
2026-12-01 07:00:00+04:00,2.0889931513107207,115.15655250654424,12,7,335
2026-12-01 08:00:00+04:00,13.755093588432741,122.46792588413143,12,8,335
2026-12-01 09:00:00+04:00,24.560184518791456,131.73400263652917,12,9,335
2026-12-01 10:00:00+04:00,33.697553779424325,143.76813920283848,12,10,335
2026-12-01 11:00:00+04:00,40.20587278068189,159.1937884766047,12,11,335
2026-12-01 12:00:00+04:00,42.96846487168918,177.46504872725473,12,12,335
2026-12-01 13:00:00+04:00,41.339530353908614,196.14200979258635,12,13,335
2026-12-01 14:00:00+04:00,35.71500616920261,212.44574164837724,12,14,335
2026-12-01 15:00:00+04:00,27.16592402279167,225.33502476462084,12,15,335
2026-12-01 16:00:00+04:00,16.725318142325346,235.243624474806,12,16,335
2026-12-01 17:00:00+04:00,5.171893123547971,242.99057874726228,12,17,335
2026-12-02 07:00:00+04:00,1.9509777935576362,115.25023930475015,12,7,336
2026-12-02 08:00:00+04:00,13.597359409163342,122.54575340619238,12,8,336
2026-12-02 09:00:00+04:00,24.392520052682375,131.78965061452465,12,9,336
2026-12-02 10:00:00+04:00,33.52323065883097,143.78731689058657,12,10,336
2026-12-02 11:00:00+04:00,40.033501916281544,159.15505913564652,12,11,336
2026-12-02 12:00:00+04:00,42.81361377160697,177.35460144287777,12,12,336
2026-12-02 13:00:00+04:00,41.21795486321174,195.9753801629183,12,13,336
2026-12-02 14:00:00+04:00,35.63244705414832,212.25671755198795,12,14,336
2026-12-02 15:00:00+04:00,27.11847762301067,225.146729616049,12,15,336
2026-12-02 16:00:00+04:00,16.70596863408467,235.063122783561,12,16,336
2026-12-02 17:00:00+04:00,5.174158300822306,242.81611848577634,12,17,336
2026-12-03 07:00:00+04:00,1.8147502455893278,115.33667342508801,12,7,337
2026-12-03 08:00:00+04:00,13.441662087507668,122.61623348135828,12,8,337
2026-12-03 09:00:00+04:00,24.227930809882647,131.83785259733673,12,9,337
2026-12-03 10:00:00+04:00,33.353264846286756,143.7993462871035,12,10,337
2026-12-03 11:00:00+04:00,39.86685054615044,159.11054598536657,12,11,337
2026-12-03 12:00:00+04:00,42.66551572390641,177.24113379501478,12,12,337
2026-12-03 13:00:00+04:00,41.10347701832979,195.80889477102687,12,13,337
2026-12-03 14:00:00+04:00,35.556749518444605,212.07012468509845,12,14,337
2026-12-03 15:00:00+04:00,27.077409031333243,224.96214903670148,12,15,337
2026-12-03 16:00:00+04:00,16.692473663176486,234.88705332272718,12,16,337
2026-12-03 17:00:00+04:00,5.181704713665449,242.64660966808162,12,17,337
2026-12-04 07:00:00+04:00,1.680445484801225,115.41583533636822,12,7,338
2026-12-04 08:00:00+04:00,13.28812166830571,122.6793741527921,12,8,338
2026-12-04 09:00:00+04:00,24.066538140235657,131.8786513310692,12,9,338
2026-12-04 10:00:00+04:00,33.18776886799856,143.80430901787622,12,10,338
2026-12-04 11:00:00+04:00,39.70601072459698,159.06035611017887,12,11,338
2026-12-04 12:00:00+04:00,42.52423733903013,177.12474619031047,12,12,338
2026-12-04 13:00:00+04:00,40.99614181467896,195.6426376577755,12,13,338
2026-12-04 14:00:00+04:00,35.4879386777551,211.8860477034472,12,14,338
2026-12-04 15:00:00+04:00,27.042721762888107,224.78137610086614,12,15,338
2026-12-04 16:00:00+04:00,16.68481449996379,234.7155155785905,12,16,338
2026-12-04 17:00:00+04:00,5.194493868420669,242.48215593435873,12,17,338
2026-12-05 07:00:00+04:00,1.5481998330317048,115.48771121538908,12,7,339
2026-12-05 08:00:00+04:00,13.136860675380634,122.73518941846731,12,8,339
2026-12-05 09:00:00+04:00,23.908464486586542,131.9120954579741,12,9,339
2026-12-05 10:00:00+04:00,33.026854875568766,143.80229204985477,12,10,339
2026-12-05 11:00:00+04:00,39.55107283769932,159.00460136832578,12,11,339
2026-12-05 12:00:00+04:00,42.38984237117287,177.00554436267362,12,12,339
2026-12-05 13:00:00+04:00,40.89599001572592,195.47669890413195,12,13,339
2026-12-05 14:00:00+04:00,35.42603412348756,211.70457653521663,12,14,339
2026-12-05 15:00:00+04:00,27.01441296657165,224.6045074844442,12,15,339
2026-12-05 16:00:00+04:00,16.682965690194905,234.54861091106426,12,16,339
2026-12-05 17:00:00+04:00,5.212481133698066,242.3228612357638,12,17,339
2026-12-06 07:00:00+04:00,1.4181491000256772,115.552292388831,12,7,340
2026-12-06 08:00:00+04:00,12.988003202176802,122.78369850771816,12,8,340
2026-12-06 09:00:00+04:00,23.753832592874733,131.9382385748541,12,9,340
2026-12-06 10:00:00+04:00,32.870634047627675,143.79338650461597,12,10,340
2026-12-06 11:00:00+04:00,39.40212528510839,158.9433970036241,12,11,340
2026-12-06 12:00:00+04:00,42.26239173607793,176.88363788671575,12,12,340
2026-12-06 13:00:00+04:00,40.803058506294526,195.31117325749776,12,13,340
2026-12-06 14:00:00+04:00,35.37105054100703,211.5258052681774,12,14,340
2026-12-06 15:00:00+04:00,26.992474220863357,224.43164260345466,12,15,340
2026-12-06 16:00:00+04:00,16.686895972222548,234.38644186637637,12,16,340
2026-12-06 17:00:00+04:00,5.235616692805479,242.16882926309765,12,17,340
2026-12-07 07:00:00+04:00,1.2904265520606597,115.60957481401181,12,7,341
2026-12-07 08:00:00+04:00,12.841673980075218,122.824925198811,12,8,341
2026-12-07 09:00:00+04:00,23.60276469486061,131.95713834302222,12,9,341
2026-12-07 10:00:00+04:00,32.7192159720332,143.7776865377524,12,10,341
2026-12-07 11:00:00+04:00,39.2592541285623,158.8768603218832,12,11,341
2026-12-07 12:00:00+04:00,42.14194348363871,176.75913875243305,12,12,341
2026-12-07 13:00:00+04:00,40.717380590928244,195.1461587962565,12,13,341
2026-12-07 14:00:00+04:00,35.322998265291154,211.34983105957554,12,14,341
2026-12-07 15:00:00+04:00,26.976892266468,224.2628827597577,12,15,341
2026-12-07 16:00:00+04:00,16.69656912924031,234.2291114932218,12,16,341
2026-12-07 17:00:00+04:00,5.2638464274822345,242.02016287790593,12,17,341
2026-12-08 07:00:00+04:00,1.165160825446812,115.6595586249,12,7,342
2026-12-08 08:00:00+04:00,12.697997553697522,122.85889721935871,12,8,342
2026-12-08 09:00:00+04:00,23.45538180647387,131.96885570679495,12,9,342
2026-12-08 10:00:00+04:00,32.57270810594428,143.75528836768478,12,10,342
2026-12-08 11:00:00+04:00,39.12254278573507,158.8051095612973,12,11,342
2026-12-08 12:00:00+04:00,42.028552769365774,176.6321601611121,12,12,342
2026-12-08 13:00:00+04:00,40.63898624301967,194.9817557926792,12,13,342
2026-12-08 14:00:00+04:00,35.28188375280951,211.17675319951795,12,14,342
2026-12-08 15:00:00+04:00,26.967649635184152,224.09833040042383,12,15,342
2026-12-08 16:00:00+04:00,16.71194472008202,234.07672275215202,12,16,342
2026-12-08 17:00:00+04:00,5.2971126657185925,241.87696362452533,12,17,342
2026-12-09 07:00:00+04:00,1.0424738348191864,115.70224775856383,12,7,343
2026-12-09 08:00:00+04:00,12.557097613555284,122.88564575033644,12,8,343
2026-12-09 09:00:00+04:00,23.31180314820789,131.9734542519804,12,9,343
2026-12-09 10:00:00+04:00,32.43121534996478,143.72628949351912,12,10,343
2026-12-09 11:00:00+04:00,38.99207179545844,158.72826301057034,12,11,343
2026-12-09 12:00:00+04:00,41.922271835317694,176.5028155879354,12,12,343
2026-12-09 13:00:00+04:00,40.567902300262844,194.81806583518645,12,13,343
2026-12-09 14:00:00+04:00,35.24770995042476,211.0066723831759,12,14,343
2026-12-09 15:00:00+04:00,26.964725137407328,223.93808854462844,12,15,343
2026-12-09 16:00:00+04:00,16.732978653051187,233.9293780517139,12,16,343
2026-12-09 17:00:00+04:00,5.335354758807144,241.73933134707775,12,17,343
2026-12-10 07:00:00+04:00,0.9224787037353677,115.73764968477872,12,7,344
2026-12-10 08:00:00+04:00,12.419096504134629,122.90520505798418,12,8,344
2026-12-10 09:00:00+04:00,23.172145738925565,131.97099974013668,12,9,344
2026-12-10 10:00:00+04:00,32.29483974797047,143.69078813957145,12,10,344
2026-12-10 11:00:00+04:00,38.867918652998725,158.64643840080112,12,11,344
2026-12-10 12:00:00+04:00,41.82314999360837,176.3712181505348,12,12,344
2026-12-10 13:00:00+04:00,40.504152593641244,194.65519122913614,12,13,344
2026-12-10 14:00:00+04:00,35.22047654276289,210.8396902092211,12,14,344
2026-12-10 15:00:00+04:00,26.968094195266076,223.78226037872548,12,15,344
2026-12-10 16:00:00+04:00,16.759623580160877,233.78717891644132,12,16,344
2026-12-10 17:00:00+04:00,5.378509464363549,241.60736391315874,12,17,344
2026-12-11 07:00:00+04:00,0.8052777339835477,115.76577525115033,12,7,345
2026-12-11 08:00:00+04:00,12.284114911440183,122.91761227144218,12,8,345
2026-12-11 09:00:00+04:00,23.036524131818304,131.9615598160895,12,9,345
2026-12-11 10:00:00+04:00,32.16368030010057,143.64888292749788,12,10,345
2026-12-11 11:00:00+04:00,38.7501577065838,158.5597525775181,12,11,345
2026-12-11 12:00:00+04:00,41.73123360263041,176.23748028010993,12,12,345
2026-12-11 13:00:00+04:00,40.447758000716796,194.49323467155315,12,13,345
2026-12-11 14:00:00+04:00,35.20018007172293,210.67590889406193,12,14,345
2026-12-11 15:00:00+04:00,26.977729015622245,223.63094900972723,12,15,345
2026-12-11 16:00:00+04:00,16.79182911097326,233.6502257730366,12,16,345
2026-12-11 17:00:00+04:00,5.426511142914733,241.4811570265551,12,17,345
2026-12-12 07:00:00+04:00,0.6909604043881473,115.78663863182413,12,7,346
2026-12-12 08:00:00+04:00,12.152271667194057,122.92290727937467,12,8,346
2026-12-12 09:00:00+04:00,22.905050253122397,131.94520386735712,12,9,346
2026-12-12 10:00:00+04:00,32.0378328436911,143.60067272833663,12,10,346
2026-12-12 11:00:00+04:00,38.63886007652989,158.46832136954413,12,11,346
2026-12-12 12:00:00+04:00,41.64656601802635,176.10171358844616,12,12,346
2026-12-12 13:00:00+04:00,40.398736429959044,194.33229909549098,12,13,346
2026-12-12 14:00:00+04:00,35.186813954304576,210.51543111410555,12,14,346
2026-12-12 15:00:00+04:00,26.99359864285839,223.4842573057254,12,15,346
2026-12-12 16:00:00+04:00,16.829541901569105,233.51861779058777,12,16,346
2026-12-12 17:00:00+04:00,5.47929182810191,241.3608040752631,12,17,346
2026-12-13 07:00:00+04:00,0.5796013781069838,115.80025734630021,12,7,347
2026-12-13 08:00:00+04:00,12.023683578005958,122.92113270017455,12,8,347
2026-12-13 09:00:00+04:00,22.777833249721,131.9220029619512,12,9,347
2026-12-13 10:00:00+04:00,31.917389924196588,143.546256594218,12,10,347
2026-12-13 11:00:00+04:00,38.534093548184714,158.37225953972688,12,11,347
2026-12-13 12:00:00+04:00,41.56918749896293,175.9640287954826,12,12,347
2026-12-13 13:00:00+04:00,40.357102749351576,194.17248754888104,12,13,347
2026-12-13 14:00:00+04:00,35.18036844760135,210.35835984363445,12,14,347
2026-12-13 15:00:00+04:00,27.015668964013855,223.34228771560572,12,15,347
2026-12-13 16:00:00+04:00,16.87270570261064,233.39245269178537,12,16,347
2026-12-13 17:00:00+04:00,5.536781261643986,241.2463959476567,12,17,347
2026-12-14 07:00:00+04:00,0.47125851447409933,115.80665228314695,12,7,348
2026-12-14 08:00:00+04:00,11.898465171974186,122.91233384454557,12,8,348
2026-12-14 09:00:00+04:00,22.65497925224566,131.89202976111204,12,9,348
2026-12-14 10:00:00+04:00,31.802440586209524,143.48573364000504,12,10,348
2026-12-14 11:00:00+04:00,38.43592239592732,158.2716806448609,12,11,348
2026-12-14 12:00:00+04:00,41.49913507067002,175.82453553357846,12,12,348
2026-12-14 13:00:00+04:00,40.32286870439696,194.01390293430543,12,13,348
2026-12-14 14:00:00+04:00,35.18083063243439,210.20479806821842,12,14,348
2026-12-14 15:00:00+04:00,27.043902759751248,223.20514197787224,12,15,348
2026-12-14 16:00:00+04:00,16.92126147452555,233.27182646881687,12,16,348
2026-12-14 17:00:00+04:00,5.5989070171121025,241.13802076350254,12,17,348
2026-12-15 07:00:00+04:00,0.36597096261042894,115.80584764916489,12,7,349
2026-12-15 08:00:00+04:00,11.776728315685832,122.8965585874875,12,8,349
2026-12-15 09:00:00+04:00,22.536591018535997,131.85535831040397,12,9,349
2026-12-15 10:00:00+04:00,31.693070071509986,143.419202768765,12,10,349
2026-12-15 11:00:00+04:00,38.34440714885757,158.16669668908412,12,11,349
2026-12-15 12:00:00+04:00,41.436442381499084,175.6833419235595,12,12,349
2026-12-15 13:00:00+04:00,40.29604288713908,193.85664752643126,12,13,349
2026-12-15 14:00:00+04:00,35.18818449491516,210.05484831653757,12,14,349
2026-12-15 15:00:00+04:00,27.078259890145667,223.07292068687937,12,15,349
2026-12-15 16:00:00+04:00,16.975147658287664,233.15683299521373,12,16,349
2026-12-15 17:00:00+04:00,5.665594789067053,241.0357635313249,12,17,349
2026-12-16 07:00:00+04:00,0.2637574984521768,115.79787078593506,12,7,350
2026-12-16 08:00:00+04:00,11.658581686362405,122.87385708197382,12,8,350
2026-12-16 09:00:00+04:00,22.422767462392823,131.81206364849572,12,9,350
2026-12-16 10:00:00+04:00,31.589359432763846,143.34676216970564,12,10,350
2026-12-16 11:00:00+04:00,38.25960432824699,158.05741752650283,12,11,350
2026-12-16 12:00:00+04:00,41.38113959124546,175.54055387807432,12,12,350
2026-12-16 13:00:00+04:00,40.276630796627344,193.7008222565675,12,13,350
2026-12-16 14:00:00+04:00,35.20241115056001,209.90861200310582,12,14,350
2026-12-16 15:00:00+04:00,27.11869764914863,222.9457227320189,12,15,350
2026-12-16 16:00:00+04:00,17.034300634525454,233.04756355068437,12,16,350
2026-12-16 17:00:00+04:00,5.736768877962729,240.93970575125167,12,17,350
2026-12-17 07:00:00+04:00,0.1646153099060243,115.78275186965004,12,7,351
2026-12-17 08:00:00+04:00,11.544130119732781,122.84428134399735,12,8,351
2026-12-17 09:00:00+04:00,22.313603073062023,131.76222126369595,12,9,351
2026-12-17 10:00:00+04:00,31.491385068089365,143.26850863883692,12,10,351
2026-12-17 11:00:00+04:00,38.18156613857471,157.94395004021453,12,11,351
2026-12-17 12:00:00+04:00,41.33325326422435,175.39627416995677,12,12,351
2026-12-17 13:00:00+04:00,40.26463495595621,193.54652577452532,12,13,351
2026-12-17 14:00:00+04:00,35.22348916124827,209.7661886011053,12,14,351
2026-12-17 15:00:00+04:00,27.165171240108226,222.82364460444592,12,15,351
2026-12-17 16:00:00+04:00,17.09865531848887,232.94410624688106,12,16,351
2026-12-17 17:00:00+04:00,5.81235282129656,240.84992494197374,12,17,351
2026-12-18 07:00:00+04:00,0.06851945119379516,115.76052360316322,12,7,352
2026-12-18 08:00:00+04:00,11.433473842090581,122.807884827257,12,8,352
2026-12-18 09:00:00+04:00,22.20918721934415,131.7059065303614,12,9,352
2026-12-18 10:00:00+04:00,31.39921814441793,143.1845368626702,12,10,352
2026-12-18 11:00:00+04:00,38.110340056667575,157.82639725994818,12,11,352
2026-12-18 12:00:00+04:00,41.292806174683164,175.25060140470384,12,12,352
2026-12-18 13:00:00+04:00,40.26005496327,193.3938533866347,12,13,352
2026-12-18 14:00:00+04:00,35.25139481303364,209.6276746763707,12,14,352
2026-12-18 15:00:00+04:00,27.21763423355624,222.70677957098766,12,15,352
2026-12-18 16:00:00+04:00,17.168145745233993,232.84654533620665,12,16,352
2026-12-18 17:00:00+04:00,5.892270029381175,240.76649405688534,12,17,352
2026-12-19 08:00:00+04:00,11.326707652663373,122.76472213584708,12,8,353
2026-12-19 09:00:00+04:00,22.109603388357836,131.64319429245995,12,9,353
2026-12-19 10:00:00+04:00,31.312923931860734,143.0949388521089,12,10,353
2026-12-19 11:00:00+04:00,38.045968303425916,157.70485761642408,12,11,353
2026-12-19 12:00:00+04:00,41.25981696814091,175.10362908972184,12,12,353
2026-12-19 13:00:00+04:00,40.2628873818668,193.2428960363092,12,13,353
2026-12-19 14:00:00+04:00,35.28610222576621,209.49316291889107,12,14,353
2026-12-19 15:00:00+04:00,27.276038856973642,222.59521681408174,12,15,353
2026-12-19 16:00:00+04:00,17.24270549745481,232.7549604624411,12,16,353
2026-12-19 17:00:00+04:00,5.9764442731097045,240.68948083360334,12,17,353
2026-12-20 08:00:00+04:00,11.223920268905552,122.71484893547893,12,8,354
2026-12-20 09:00:00+04:00,22.014928568867173,131.5741586860878,12,9,354
2026-12-20 10:00:00+04:00,31.232561245149107,142.9998036637695,12,10,354
2026-12-20 11:00:00+04:00,37.988487369325455,157.57942453908265,12,11,354
2026-12-20 12:00:00+04:00,41.234299803236176,174.95544507018235,12,12,354
2026-12-20 13:00:00+04:00,40.2731255337764,193.09373963800726,12,13,354
2026-12-20 14:00:00+04:00,35.32758330391609,209.36274146784774,12,14,354
2026-12-20 15:00:00+04:00,27.34033607660355,222.48904081470718,12,15,354
2026-12-20 16:00:00+04:00,17.32226789044605,232.66942611520543,12,16,354
2026-12-20 17:00:00+04:00,6.06479990917109,240.61894732433197,12,17,354
2026-12-21 08:00:00+04:00,11.125194139725542,122.65832192892447,12,8,355
2026-12-21 09:00:00+04:00,21.92523310243587,131.498873098577,12,9,355
2026-12-21 10:00:00+04:00,31.158182339115914,142.89921737530653,12,10,355
2026-12-21 11:00:00+04:00,37.937927941052685,157.450186458301,12,11,355
2026-12-21 12:00:00+04:00,41.21626429925525,174.8061315400081,12,12,355
2026-12-21 13:00:00+04:00,40.29075946713306,192.9464650743156,12,13,355
2026-12-21 14:00:00+04:00,35.37580772376511,209.2364939118791,12,14,355
2026-12-21 15:00:00+04:00,27.41047560575022,222.3883313596552,12,15,355
2026-12-21 16:00:00+04:00,17.406765991290303,232.590011664729,12,16,355
2026-12-21 17:00:00+04:00,6.157261886086086,240.55494996988702,12,17,355
2026-12-22 08:00:00+04:00,11.030605989297777,122.59519865357271,12,8,356
2026-12-22 09:00:00+04:00,21.840581289583373,131.41741004712696,12,9,356
2026-12-22 10:00:00+04:00,31.0898335651357,142.79326313060017,12,10,356
2026-12-22 11:00:00+04:00,37.89431555870376,157.31722710232248,12,11,356
2026-12-22 12:00:00+04:00,41.2057161237549,174.6557656201303,12,12,356
2026-12-22 13:00:00+04:00,40.315776410656674,192.80114898942628,12,13,356
2026-12-22 14:00:00+04:00,35.43074322860237,209.11450017785984,12,14,356
2026-12-22 15:00:00+04:00,27.486406056535955,222.2931644309277,12,15,356
2026-12-22 16:00:00+04:00,17.49613265610302,232.51678223270727,12,16,356
2026-12-22 17:00:00+04:00,6.253755669440401,240.4975404792475,12,17,356
2026-12-23 08:00:00+04:00,10.940228053926186,122.52553692863194,12,8,357
2026-12-23 09:00:00+04:00,21.761032731957094,131.32984080429884,12,9,357
2026-12-23 10:00:00+04:00,31.02755678590646,142.68202107084295,12,10,357
2026-12-23 11:00:00+04:00,37.85767202723066,157.1806259039887,12,11,357
2026-12-23 12:00:00+04:00,41.202658269565305,174.50442032445267,12,12,357
2026-12-23 13:00:00+04:00,40.348161788911106,192.6578652160216,12,13,357
2026-12-23 14:00:00+04:00,35.492356329403194,208.99683815990744,12,14,357
2026-12-23 15:00:00+04:00,27.56807534842645,222.203613849268,12,15,357
2026-12-23 16:00:00+04:00,17.590300699636664,232.4498002904087,12,16,357
2026-12-23 17:00:00+04:00,6.354207208836428,240.44676740427758,12,17,357
2026-12-24 08:00:00+04:00,10.854129652556292,122.44939408980036,12,8,358
2026-12-24 09:00:00+04:00,21.686644011005054,131.23623486048268,12,9,358
2026-12-24 10:00:00+04:00,30.9713911256092,142.56556816844505,12,10,358
2026-12-24 11:00:00+04:00,37.828017147371355,157.04045839529977,12,11,358
2026-12-24 12:00:00+04:00,41.20709261612423,174.35216562586209,12,12,358
2026-12-24 13:00:00+04:00,40.3879004619796,192.5166863972394,12,13,358
2026-12-24 14:00:00+04:00,35.560613155400006,208.8835855913008,12,14,358
2026-12-24 15:00:00+04:00,27.655431202724035,222.11975314775563,12,15,358
2026-12-24 16:00:00+04:00,17.689203107827005,232.38912744994926,12,16,358
2026-12-24 17:00:00+04:00,6.458542918326602,240.40267787303728,12,17,358
2026-12-25 08:00:00+04:00,10.77237857183874,122.36682646820202,12,8,359
2026-12-25 09:00:00+04:00,21.617470119349587,131.1366596268481,12,9,359
2026-12-25 10:00:00+04:00,30.921374409478332,142.443978274416,12,10,359
2026-12-25 11:00:00+04:00,37.80537006920253,156.89679672218904,12,11,359
2026-12-25 12:00:00+04:00,41.219021073181544,174.19906949863685,12,12,359
2026-12-25 13:00:00+04:00,40.43497754412232,192.37768540975526,12,13,359
2026-12-25 14:00:00+04:00,35.63547991352327,208.7748215840521,12,14,359
2026-12-25 15:00:00+04:00,27.748421296301338,222.04165702289652,12,15,359
2026-12-25 16:00:00+04:00,17.79277295263422,232.33482578663927,12,16,359
2026-12-25 17:00:00+04:00,6.566689416732677,240.36531880582788,12,17,359
2026-12-26 08:00:00+04:00,10.695041880704494,122.27788963352128,12,8,360
2026-12-26 09:00:00+04:00,21.553565209039558,131.0311808659887,12,9,360
2026-12-26 10:00:00+04:00,30.877543785206484,142.31732278944202,12,10,360
2026-12-26 11:00:00+04:00,37.78974971234339,156.74971058493804,12,11,360
2026-12-26 12:00:00+04:00,41.238445716831905,174.0451990237391,12,12,360
2026-12-26 13:00:00+04:00,40.48937822991265,192.24093645611546,12,13,360
2026-12-26 14:00:00+04:00,35.71692245021309,208.67062752553022,12,14,360
2026-12-26 15:00:00+04:00,27.84699263788525,221.96940198159328,12,15,360
2026-12-26 16:00:00+04:00,17.900942660588477,232.28695826611576,12,16,360
2026-12-26 17:00:00+04:00,6.678572733081961,240.33473718642023,12,17,360
2026-12-27 08:00:00+04:00,10.622186170451542,122.18263964404332,12,8,361
2026-12-27 09:00:00+04:00,21.49498262871799,130.91986407806388,12,9,361
2026-12-27 10:00:00+04:00,30.839935488180906,142.18567219509777,12,10,361
2026-12-27 11:00:00+04:00,37.781174180282534,156.5992688068145,12,11,361
2026-12-27 12:00:00+04:00,41.26536782757651,173.89062175236927,12,12,361
2026-12-27 13:00:00+04:00,40.55108652184926,192.1065159762456,12,13,361
2026-12-27 14:00:00+04:00,35.804904799598944,208.57108745243158,12,14,361
2026-12-27 15:00:00+04:00,27.951090060075867,221.90306626701218,12,15,361
2026-12-27 16:00:00+04:00,18.013642524799323,232.245588360465,12,16,361
2026-12-27 17:00:00+04:00,6.794116880936064,240.3109794706201,12,17,361
2026-12-28 08:00:00+04:00,10.55387751171002,122.08113502700013,12,8,362
2026-12-28 09:00:00+04:00,21.44177459461233,130.8027765819043,12,9,362
2026-12-28 10:00:00+04:00,30.808584149745798,142.04909822576764,12,10,362
2026-12-28 11:00:00+04:00,37.77965962731951,156.4455414341645,12,11,362
2026-12-28 12:00:00+04:00,41.29978631091628,173.73540739799535,12,12,362
2026-12-28 13:00:00+04:00,40.62008332409119,191.97450361627813,12,13,362
2026-12-28 14:00:00+04:00,35.89938713676916,208.47628826898645,12,14,362
2026-12-28 15:00:00+04:00,28.060654187555038,221.84272950197428,12,15,362
2026-12-28 16:00:00+04:00,18.13079875871045,232.21077933547713,12,16,362
2026-12-28 17:00:00+04:00,6.913242045955434,240.2940906432571,12,17,362
2026-12-29 08:00:00+04:00,10.490181465743659,121.97343881260849,12,8,363
2026-12-29 09:00:00+04:00,21.393991928592907,130.67998962964663,12,9,363
2026-12-29 10:00:00+04:00,30.783522189647417,141.90767606284334,12,10,363
2026-12-29 11:00:00+04:00,37.785219231097734,156.28860186756788,12,11,363
2026-12-29 12:00:00+04:00,41.34169624258935,173.57962959340944,12,12,363
2026-12-29 13:00:00+04:00,40.69634466978071,191.84498331537944,12,13,363
2026-12-29 14:00:00+04:00,36.00032386716023,208.3863201111801,12,14,363
2026-12-29 15:00:00+04:00,28.17561953694359,221.78847250662548,12,15,363
2026-12-29 16:00:00+04:00,18.25233169280039,232.18259372325608,12,16,363
2026-12-29 17:00:00+04:00,7.035862906138385,240.28411349428313,12,17,363
2026-12-30 08:00:00+04:00,10.431163292524136,121.85961993344375,12,8,364
2026-12-30 09:00:00+04:00,21.351684093331418,130.5515798680878,12,9,364
2026-12-30 10:00:00+04:00,30.764779623944218,141.76148587411564,12,10,364
2026-12-30 11:00:00+04:00,37.797862719888705,156.12852841798497,12,11,364
2026-12-30 12:00:00+04:00,41.3910880923271,173.42336726841188,12,12,364
2026-12-30 13:00:00+04:00,40.77984069858574,191.71804429933633,12,13,364
2026-12-30 14:00:00+04:00,36.10766247777814,208.30127686218492,12,14,364
2026-12-30 15:00:00+04:00,28.29591335377853,221.74037743069502,12,15,364
2026-12-30 16:00:00+04:00,18.378154658034212,232.16109322230335,12,16,364
2026-12-30 17:00:00+04:00,7.161887590020237,240.28108839516335,12,17,364
2026-12-31 08:00:00+04:00,10.376888223926507,121.7397536533361,12,8,365
2026-12-31 09:00:00+04:00,21.3148994194041,130.41762978640918,12,9,365
2026-12-31 10:00:00+04:00,30.7523842396194,141.61061332012116,12,10,365
2026-12-31 11:00:00+04:00,37.8175964658831,155.96540488161122,12,11,365
2026-12-31 12:00:00+04:00,41.44794771129022,173.2667052649076,12,12,365
2026-12-31 13:00:00+04:00,40.870535535410745,191.593781639008,12,13,365
2026-12-31 14:00:00+04:00,36.22134334098123,208.22125657390126,12,14,365
2026-12-31 15:00:00+04:00,28.421455395912492,221.69852802518085,12,15,365
2026-12-31 16:00:00+04:00,18.50817378052691,232.146338884467,12,16,365
2026-12-31 17:00:00+04:00,7.291217493984398,240.28505346005758,12,17,365
